check,status,detail,source,observed_at
dns,pass,Public DNS resolved,,2026-10-06T09:30:07.468760+05:30
domain_registration,error,Domain is absent from RDAP,,2026-10-06T09:30:07.468774+05:30
tls,pass,TLS certificate valid,,2026-10-06T09:30:07.767883+05:30
http,error,Probe 1: The read operation timed out,https://www.treasury.gov.lk/,2026-10-06T09:32:51.436854+05:30
http,pass,Probe 2: HTTP 200 at https://www.treasury.gov.lk/,http://www.treasury.gov.lk/,2026-10-06T09:32:51.436871+05:30
http,pass,Probe 3: HTTP 200 at https://www.treasury.gov.lk/,https://www.treasury.gov.lk/,2026-10-06T09:32:51.436874+05:30
http,pass,Probe 4: HTTP 200 at https://www.treasury.gov.lk/,http://www.treasury.gov.lk/,2026-10-06T09:32:51.436876+05:30
http,pass,Probe 5: HTTP 200 at https://www.treasury.gov.lk/web/department-of-management-services/section/department-of-management-services,https://www.treasury.gov.lk/web/department-of-management-services,2026-10-06T09:32:51.436878+05:30
http,pass,Probe 6: HTTP 200 at https://www.treasury.gov.lk/web/department-of-public-finance-/section/department-of-public-finance,https://www.treasury.gov.lk/web/department-of-public-finance-,2026-10-06T09:32:51.436879+05:30
http,pass,Probe 7: HTTP 200 at https://www.treasury.gov.lk/web/department-of-treasury-operations/section/department%20of%20treasury%20operations,https://www.treasury.gov.lk/web/department-of-treasury-operations,2026-10-06T09:32:51.436881+05:30
http,pass,Probe 8: HTTP 200 at https://www.treasury.gov.lk/web/department-of-state-accounts/section/department-of-state-accounts,https://www.treasury.gov.lk/web/department-of-state-accounts,2026-10-06T09:32:51.436883+05:30
http,pass,Probe 9: HTTP 200 at https://www.treasury.gov.lk/web/department-of-trade-and-investment-policies/section/department-of-trade-and-investment-policies,https://www.treasury.gov.lk/web/department-of-trade-and-investment-policies,2026-10-06T09:32:51.436885+05:30
http,pass,Probe 10: HTTP 200 at https://www.treasury.gov.lk/web/department-of-legal-affairs/section/department-of-legal-affairs,https://www.treasury.gov.lk/web/department-of-legal-affairs,2026-10-06T09:32:51.436886+05:30
http,pass,Probe 11: HTTP 200 at https://www.treasury.gov.lk/web/department-of-management-audit/section/department-of-management-audit,https://www.treasury.gov.lk/web/department-of-management-audit,2026-10-06T09:32:51.436888+05:30
http,pass,Probe 12: HTTP 200 at https://www.treasury.gov.lk/web/department-of-development-finance/section/department-of-development-finance,https://www.treasury.gov.lk/web/department-of-development-finance,2026-10-06T09:32:51.436890+05:30
http,pass,Probe 13: HTTP 200 at https://www.treasury.gov.lk/web/department-of-public-enterprises/section/department-of-public-enterprises,https://www.treasury.gov.lk/web/department-of-public-enterprises,2026-10-06T09:32:51.436892+05:30
http,pass,Probe 14: HTTP 200 at https://www.treasury.gov.lk/web/department-of-project-management-and-monitoring/section/Department-of-Project-Management-and-Monitoring,https://www.treasury.gov.lk/web/department-of-project-management-and-monitoring,2026-10-06T09:32:51.436893+05:30
phone,pass,Published phone: 0069167000,https://www.treasury.gov.lk/,
named_responsibility,pass,Published named responsibility: department,https://www.treasury.gov.lk/,
legal_basis,pass,Published legal basis: regulations,https://www.treasury.gov.lk/,
fees_and_payment,pass,Published fees and payment: LKR 334,https://www.treasury.gov.lk/,
phone,pass,Published phone: 0069167000,https://www.treasury.gov.lk/,
named_responsibility,pass,Published named responsibility: department,https://www.treasury.gov.lk/,
legal_basis,pass,Published legal basis: regulations,https://www.treasury.gov.lk/,
fees_and_payment,pass,Published fees and payment: LKR 334,https://www.treasury.gov.lk/,
phone,pass,Published phone: 0069167000,https://www.treasury.gov.lk/,
named_responsibility,pass,Published named responsibility: department,https://www.treasury.gov.lk/,
legal_basis,pass,Published legal basis: regulations,https://www.treasury.gov.lk/,
fees_and_payment,pass,Published fees and payment: LKR 334,https://www.treasury.gov.lk/,
phone,pass,Published phone: +94-11-2484643,https://www.treasury.gov.lk/web/department-of-management-services/section/department-of-management-services,
phone,pass,Published phone: +94-11-2484821,https://www.treasury.gov.lk/web/department-of-management-services/section/department-of-management-services,
phone,pass,Published phone: +94 (0) 112 430 27,https://www.treasury.gov.lk/web/department-of-management-services/section/department-of-management-services,
phone,pass,Published phone: +94 11 2484870,https://www.treasury.gov.lk/web/department-of-management-services/section/department-of-management-services,
phone,pass,Published phone: 011 2484778 ,https://www.treasury.gov.lk/web/department-of-management-services/section/department-of-management-services,
phone,pass,Published phone: +94-11-2151410,https://www.treasury.gov.lk/web/department-of-management-services/section/department-of-management-services,
phone,pass,Published phone: +94 -11-2484682,https://www.treasury.gov.lk/web/department-of-management-services/section/department-of-management-services,
phone,pass,Published phone: +94-11-2484777,https://www.treasury.gov.lk/web/department-of-management-services/section/department-of-management-services,
phone,pass,Published phone: +94-11-2151411,https://www.treasury.gov.lk/web/department-of-management-services/section/department-of-management-services,
phone,pass,Published phone: 0112151414 ,https://www.treasury.gov.lk/web/department-of-management-services/section/department-of-management-services,
phone,pass,Published phone: +94 -11-2484644,https://www.treasury.gov.lk/web/department-of-management-services/section/department-of-management-services,
phone,pass,Published phone: +94 (0) 112 484 75,https://www.treasury.gov.lk/web/department-of-management-services/section/department-of-management-services,
phone,pass,Published phone: +94-11-2151408,https://www.treasury.gov.lk/web/department-of-management-services/section/department-of-management-services,
phone,pass,Published phone: +94-11-2151409,https://www.treasury.gov.lk/web/department-of-management-services/section/department-of-management-services,
phone,pass,Published phone: +94-11-2484912,https://www.treasury.gov.lk/web/department-of-management-services/section/department-of-management-services,
phone,pass,Published phone: +94-11-2484646,https://www.treasury.gov.lk/web/department-of-management-services/section/department-of-management-services,
phone,pass,Published phone: +94-11-2151412,https://www.treasury.gov.lk/web/department-of-management-services/section/department-of-management-services,
phone,pass,Published phone: +94 11 2034524,https://www.treasury.gov.lk/web/department-of-management-services/section/department-of-management-services,
phone,pass,Published phone: +94-11-2484903,https://www.treasury.gov.lk/web/department-of-management-services/section/department-of-management-services,
phone,pass,Published phone: +94-11-2151421,https://www.treasury.gov.lk/web/department-of-management-services/section/department-of-management-services,
phone,pass,Published phone: +94-11-2484647,https://www.treasury.gov.lk/web/department-of-management-services/section/department-of-management-services,
phone,pass,Published phone: +94-11-2484640,https://www.treasury.gov.lk/web/department-of-management-services/section/department-of-management-services,
phone,pass,Published phone: +94-11-2484776,https://www.treasury.gov.lk/web/department-of-management-services/section/department-of-management-services,
phone,pass,Published phone: +94 11 2484998,https://www.treasury.gov.lk/web/department-of-management-services/section/department-of-management-services,
phone,pass,Published phone: +94-11-2034525,https://www.treasury.gov.lk/web/department-of-management-services/section/department-of-management-services,
email,pass,Published email: weerawardhane.rdb@msd.treasury.gov.lk,https://www.treasury.gov.lk/web/department-of-management-services/section/department-of-management-services,
email,pass,Published email: kathriarachchi.cs@msd.treasury.gov.lk,https://www.treasury.gov.lk/web/department-of-management-services/section/department-of-management-services,
email,pass,Published email: jayasinghe.janau@msd.treasury.gov.lk,https://www.treasury.gov.lk/web/department-of-management-services/section/department-of-management-services,
email,pass,Published email: gunarathna.plj@msd.treasury.gov.lk,https://www.treasury.gov.lk/web/department-of-management-services/section/department-of-management-services,
email,pass,Published email: eranda.kar@msd.treasury.gov.lk,https://www.treasury.gov.lk/web/department-of-management-services/section/department-of-management-services,
email,pass,Published email: snjeewani.rpak@msd.treasury.gov.lk,https://www.treasury.gov.lk/web/department-of-management-services/section/department-of-management-services,
email,pass,Published email: chandana.ckmc@msd.treasury.gov.lk,https://www.treasury.gov.lk/web/department-of-management-services/section/department-of-management-services,
email,pass,Published email: perera.gcp@msd.treasury.gov.lk,https://www.treasury.gov.lk/web/department-of-management-services/section/department-of-management-services,
email,pass,Published email: daneshika.ahgk@msd.treasury.gov.lk,https://www.treasury.gov.lk/web/department-of-management-services/section/department-of-management-services,
email,pass,Published email: lokuge.wd@msd.treasury.gov.lk,https://www.treasury.gov.lk/web/department-of-management-services/section/department-of-management-services,
email,pass,Published email: udeshini.was@msd.treasury.gov.lk,https://www.treasury.gov.lk/web/department-of-management-services/section/department-of-management-services,
email,pass,Published email: senevirathna.sads@dms.treasury.gov.lk,https://www.treasury.gov.lk/web/department-of-management-services/section/department-of-management-services,
email,pass,Published email: gunawardena.rprd@msd.treasury.gov.lk,https://www.treasury.gov.lk/web/department-of-management-services/section/department-of-management-services,
email,pass,Published email: hettiarachchi.hasp@msd.treasury.gov.lk,https://www.treasury.gov.lk/web/department-of-management-services/section/department-of-management-services,
email,pass,Published email: dayarathna.an@msd.treasury.gov.lk,https://www.treasury.gov.lk/web/department-of-management-services/section/department-of-management-services,
email,pass,Published email: karunaratna.hwd@msd.treasury.gov.lk,https://www.treasury.gov.lk/web/department-of-management-services/section/department-of-management-services,
email,pass,Published email: jayarathne.wksk@msd.treasury,https://www.treasury.gov.lk/web/department-of-management-services/section/department-of-management-services,
email,pass,Published email: rajapakse.rasa@msd.treasury.gov.lk,https://www.treasury.gov.lk/web/department-of-management-services/section/department-of-management-services,
email,pass,Published email: miyurangi.shs@msd.treasury.gov.lk,https://www.treasury.gov.lk/web/department-of-management-services/section/department-of-management-services,
email,pass,Published email: kalupahana.gwav@msd.treasury.gov.lk,https://www.treasury.gov.lk/web/department-of-management-services/section/department-of-management-services,
email,pass,Published email: samarasingha.nbalm@msd.treasury.gov.lk,https://www.treasury.gov.lk/web/department-of-management-services/section/department-of-management-services,
email,pass,Published email: madampe.mkdn@msd.treasury.gov.lk,https://www.treasury.gov.lk/web/department-of-management-services/section/department-of-management-services,
email,pass,Published email: ranasinghe.radr@msd.treasury.gov.lk,https://www.treasury.gov.lk/web/department-of-management-services/section/department-of-management-services,
email,pass,Published email: manamendra.ac@msd.treasury.gov.lk,https://www.treasury.gov.lk/web/department-of-management-services/section/department-of-management-services,
email,pass,Published email: niranjala.wdu@msd.treasury.gov.lk,https://www.treasury.gov.lk/web/department-of-management-services/section/department-of-management-services,
email,pass,Published email: singhagosha.kvrs@msd.treasuary.gov.lk,https://www.treasury.gov.lk/web/department-of-management-services/section/department-of-management-services,
email,pass,Published email: minethrie.jak@msd.treasury.gov.lk,https://www.treasury.gov.lk/web/department-of-management-services/section/department-of-management-services,
email,pass,Published email: kalupahana.kwn@msd.treasury.gov.lk,https://www.treasury.gov.lk/web/department-of-management-services/section/department-of-management-services,
email,pass,Published email: rathnayaka.ji@msd.treasury.gov.lk,https://www.treasury.gov.lk/web/department-of-management-services/section/department-of-management-services,
email,pass,Published email: rathnayaka.rmnk@msd.treasury.gov.lk,https://www.treasury.gov.lk/web/department-of-management-services/section/department-of-management-services,
email,pass,Published email: jayakodi.sjais@msd.treasury.gov.lk,https://www.treasury.gov.lk/web/department-of-management-services/section/department-of-management-services,
email,pass,Published email: dissanayaka.kwms@msd.treasury.gov.lk,https://www.treasury.gov.lk/web/department-of-management-services/section/department-of-management-services,
email,pass,Published email: maheshika.ru@msd.treasury.gov.lk,https://www.treasury.gov.lk/web/department-of-management-services/section/department-of-management-services,
email,pass,Published email: kumari.idd@msd.treasury.gov.lk,https://www.treasury.gov.lk/web/department-of-management-services/section/department-of-management-services,
email,pass,Published email: ganendrika.emw@msd.treasury.gov.lk,https://www.treasury.gov.lk/web/department-of-management-services/section/department-of-management-services,
email,pass,Published email: hansini.uka@msd.treasury.gov.lk,https://www.treasury.gov.lk/web/department-of-management-services/section/department-of-management-services,
email,pass,Published email: nishantha.k@msd.treasury.gov.lk,https://www.treasury.gov.lk/web/department-of-management-services/section/department-of-management-services,
email,pass,Published email: lakmali.kad@msd.treasury.gov.lk,https://www.treasury.gov.lk/web/department-of-management-services/section/department-of-management-services,
email,pass,Published email: munasinghe.malan@msd.treasury.gov.lk,https://www.treasury.gov.lk/web/department-of-management-services/section/department-of-management-services,
email,pass,Published email: wishanthika.wmmw@msd.treasury.gov.lk,https://www.treasury.gov.lk/web/department-of-management-services/section/department-of-management-services,
email,pass,Published email: adikari.aaip@msd.treasury.gov.lk,https://www.treasury.gov.lk/web/department-of-management-services/section/department-of-management-services,
email,pass,Published email: lasantha.ntmr@msd.treasury.gov.lk,https://www.treasury.gov.lk/web/department-of-management-services/section/department-of-management-services,
email,pass,Published email: jayasena.mks@msd.treasury.gov.lk,https://www.treasury.gov.lk/web/department-of-management-services/section/department-of-management-services,
email,pass,Published email: chandana.cmkcn@msd.treasury.gov.lk,https://www.treasury.gov.lk/web/department-of-management-services/section/department-of-management-services,
email,pass,Published email: guruge.agis@msd.treasury.gov.lk,https://www.treasury.gov.lk/web/department-of-management-services/section/department-of-management-services,
email,pass,Published email: gunarathna.amr@msd.treasury.gov.lk,https://www.treasury.gov.lk/web/department-of-management-services/section/department-of-management-services,
email,pass,Published email: samarawickrama.pgan@msd.treasury.gov.lk,https://www.treasury.gov.lk/web/department-of-management-services/section/department-of-management-services,
email,pass,Published email: jayalath.rk@msd.treasury.gov.lk,https://www.treasury.gov.lk/web/department-of-management-services/section/department-of-management-services,
email,pass,Published email: ranathunga.rmtk@msd.treasury.gov.lk,https://www.treasury.gov.lk/web/department-of-management-services/section/department-of-management-services,
email,pass,Published email: dgms@msd.treasury.gov.lk,https://www.treasury.gov.lk/web/department-of-management-services/section/department-of-management-services,
email,pass,Published email: kannangara.cg@msd.treasury.gov.lk,https://www.treasury.gov.lk/web/department-of-management-services/section/department-of-management-services,
email,pass,Published email: abeygunawardana.md@msd.treasury.gov,https://www.treasury.gov.lk/web/department-of-management-services/section/department-of-management-services,
email,pass,Published email: kodithuwakku.khl@msd.treasury.gov.lk,https://www.treasury.gov.lk/web/department-of-management-services/section/department-of-management-services,
email,pass,Published email: jayasooriya.kdn@msd.treasury.gov.lk,https://www.treasury.gov.lk/web/department-of-management-services/section/department-of-management-services,
email,pass,Published email: samaraweera.smmd@msd.treasury.gov.lk,https://www.treasury.gov.lk/web/department-of-management-services/section/department-of-management-services,
email,pass,Published email: jayamini.smi@msd.treasury.gov.lk,https://www.treasury.gov.lk/web/department-of-management-services/section/department-of-management-services,
email,pass,Published email: gamage.mdib@msd.treasury.gov.lk,https://www.treasury.gov.lk/web/department-of-management-services/section/department-of-management-services,
email,pass,Published email: saparamadu.ddwp@msd.treasury.gov.lk,https://www.treasury.gov.lk/web/department-of-management-services/section/department-of-management-services,
email,pass,Published email: kumara.hma@msd.treasury.gov.lk,https://www.treasury.gov.lk/web/department-of-management-services/section/department-of-management-services,
email,pass,Published email: mahakumarage.cj@msd.treasury.gov.lk,https://www.treasury.gov.lk/web/department-of-management-services/section/department-of-management-services,
email,pass,Published email: karunaratne.ma@msd.treasury.gov.lk,https://www.treasury.gov.lk/web/department-of-management-services/section/department-of-management-services,
email,pass,Published email: kuruppu.kmil@msd.treasury.gov.lk,https://www.treasury.gov.lk/web/department-of-management-services/section/department-of-management-services,
email,pass,Published email: silva.tsn@msd.treasury.gov.lk,https://www.treasury.gov.lk/web/department-of-management-services/section/department-of-management-services,
email,pass,Published email: chethana.sdu@msd.treasury.gov.lk,https://www.treasury.gov.lk/web/department-of-management-services/section/department-of-management-services,
email,pass,Published email: jayakody.am@msd.treasury.gov.lk,https://www.treasury.gov.lk/web/department-of-management-services/section/department-of-management-services,
email,pass,Published email: rasnayaka.rmj@msd.treasury.gov.lk,https://www.treasury.gov.lk/web/department-of-management-services/section/department-of-management-services,
email,pass,Published email: pushpakumara.hak@msd.treasury.gov.lk,https://www.treasury.gov.lk/web/department-of-management-services/section/department-of-management-services,
email,pass,Published email: sanjeewani.rmkg@msd.treasury.gov.lk,https://www.treasury.gov.lk/web/department-of-management-services/section/department-of-management-services,
named_responsibility,pass,Published named responsibility: director,https://www.treasury.gov.lk/web/department-of-management-services/section/department-of-management-services,
legal_basis,pass,Published legal basis: regulations,https://www.treasury.gov.lk/web/department-of-management-services/section/department-of-management-services,
phone,pass,Published phone: +94-11-248-4918 ,https://www.treasury.gov.lk/web/department-of-public-finance-/section/department-of-public-finance,
phone,pass,Published phone: +94-11-215-4000 ,https://www.treasury.gov.lk/web/department-of-public-finance-/section/department-of-public-finance,
phone,pass,Published phone: +94-11-215-1400 ,https://www.treasury.gov.lk/web/department-of-public-finance-/section/department-of-public-finance,
phone,pass,Published phone: +94-11-248-4631 ,https://www.treasury.gov.lk/web/department-of-public-finance-/section/department-of-public-finance,
phone,pass,Published phone: +94-11-243-1458 ,https://www.treasury.gov.lk/web/department-of-public-finance-/section/department-of-public-finance,
phone,pass,Published phone: +94-11-222-8501 ,https://www.treasury.gov.lk/web/department-of-public-finance-/section/department-of-public-finance,
phone,pass,Published phone: +94-71-855-5512,https://www.treasury.gov.lk/web/department-of-public-finance-/section/department-of-public-finance,
phone,pass,Published phone: +94 (0) 112 431 45,https://www.treasury.gov.lk/web/department-of-public-finance-/section/department-of-public-finance,
phone,pass,Published phone: +94-71-110-4286,https://www.treasury.gov.lk/web/department-of-public-finance-/section/department-of-public-finance,
phone,pass,Published phone: +94-71-444-4341,https://www.treasury.gov.lk/web/department-of-public-finance-/section/department-of-public-finance,
phone,pass,Published phone: +94-71-523-5039,https://www.treasury.gov.lk/web/department-of-public-finance-/section/department-of-public-finance,
phone,pass,Published phone: +94-11-248-4991,https://www.treasury.gov.lk/web/department-of-public-finance-/section/department-of-public-finance,
phone,pass,Published phone: +94-11-248-4985 ,https://www.treasury.gov.lk/web/department-of-public-finance-/section/department-of-public-finance,
phone,pass,Published phone: +94-76-990-7005 ,https://www.treasury.gov.lk/web/department-of-public-finance-/section/department-of-public-finance,
phone,pass,Published phone: +94-71-849-6355,https://www.treasury.gov.lk/web/department-of-public-finance-/section/department-of-public-finance,
phone,pass,Published phone: +94-70-324-2532,https://www.treasury.gov.lk/web/department-of-public-finance-/section/department-of-public-finance,
phone,pass,Published phone: +94-11-203-4537 ,https://www.treasury.gov.lk/web/department-of-public-finance-/section/department-of-public-finance,
phone,pass,Published phone: +94-11-248-4766 ,https://www.treasury.gov.lk/web/department-of-public-finance-/section/department-of-public-finance,
phone,pass,Published phone: +94 (0) 112 484 99,https://www.treasury.gov.lk/web/department-of-public-finance-/section/department-of-public-finance,
phone,pass,Published phone: +94-11-208-9179 ,https://www.treasury.gov.lk/web/department-of-public-finance-/section/department-of-public-finance,
phone,pass,Published phone: +94-11-248-4614 ,https://www.treasury.gov.lk/web/department-of-public-finance-/section/department-of-public-finance,
phone,pass,Published phone: +94-11-203-4448 ,https://www.treasury.gov.lk/web/department-of-public-finance-/section/department-of-public-finance,
phone,pass,Published phone: +94-71-860-6357,https://www.treasury.gov.lk/web/department-of-public-finance-/section/department-of-public-finance,
phone,pass,Published phone: +94-71-825-4440,https://www.treasury.gov.lk/web/department-of-public-finance-/section/department-of-public-finance,
phone,pass,Published phone: +94-71-804-6146,https://www.treasury.gov.lk/web/department-of-public-finance-/section/department-of-public-finance,
phone,pass,Published phone: +94-11-248-4593 ,https://www.treasury.gov.lk/web/department-of-public-finance-/section/department-of-public-finance,
phone,pass,Published phone: +94-71-4479-842,https://www.treasury.gov.lk/web/department-of-public-finance-/section/department-of-public-finance,
phone,pass,Published phone: +94-11-248-4615,https://www.treasury.gov.lk/web/department-of-public-finance-/section/department-of-public-finance,
phone,pass,Published phone: +94-77-379-7550,https://www.treasury.gov.lk/web/department-of-public-finance-/section/department-of-public-finance,
phone,pass,Published phone: +94-77-346-6854,https://www.treasury.gov.lk/web/department-of-public-finance-/section/department-of-public-finance,
phone,pass,Published phone: +94-71-716-3633,https://www.treasury.gov.lk/web/department-of-public-finance-/section/department-of-public-finance,
phone,pass,Published phone: +94-77-994-7726,https://www.treasury.gov.lk/web/department-of-public-finance-/section/department-of-public-finance,
phone,pass,Published phone: +94 (0) 112 484 63,https://www.treasury.gov.lk/web/department-of-public-finance-/section/department-of-public-finance,
phone,pass,Published phone: +94-70-176-4850,https://www.treasury.gov.lk/web/department-of-public-finance-/section/department-of-public-finance,
phone,pass,Published phone: +94-11-248-4987 ,https://www.treasury.gov.lk/web/department-of-public-finance-/section/department-of-public-finance,
phone,pass,Published phone: +94-11-248-4618 ,https://www.treasury.gov.lk/web/department-of-public-finance-/section/department-of-public-finance,
phone,pass,Published phone: +94-11-256-3743 ,https://www.treasury.gov.lk/web/department-of-public-finance-/section/department-of-public-finance,
phone,pass,Published phone: +94-11-248-4636 ,https://www.treasury.gov.lk/web/department-of-public-finance-/section/department-of-public-finance,
phone,pass,Published phone: +94-11-203-4529 ,https://www.treasury.gov.lk/web/department-of-public-finance-/section/department-of-public-finance,
phone,pass,Published phone: +94-11-248-4805 ,https://www.treasury.gov.lk/web/department-of-public-finance-/section/department-of-public-finance,
phone,pass,Published phone: +94-71-395-3330,https://www.treasury.gov.lk/web/department-of-public-finance-/section/department-of-public-finance,
phone,pass,Published phone: +94-11-248-4634 ,https://www.treasury.gov.lk/web/department-of-public-finance-/section/department-of-public-finance,
phone,pass,Published phone: +94-77-018-1863,https://www.treasury.gov.lk/web/department-of-public-finance-/section/department-of-public-finance,
phone,pass,Published phone: +94-77-498-9330,https://www.treasury.gov.lk/web/department-of-public-finance-/section/department-of-public-finance,
phone,pass,Published phone: +94-11-203-4508 ,https://www.treasury.gov.lk/web/department-of-public-finance-/section/department-of-public-finance,
phone,pass,Published phone: +94-11-248-4991 ,https://www.treasury.gov.lk/web/department-of-public-finance-/section/department-of-public-finance,
phone,pass,Published phone: +94-77-599-0443,https://www.treasury.gov.lk/web/department-of-public-finance-/section/department-of-public-finance,
phone,pass,Published phone: +94-11-248-4797 ,https://www.treasury.gov.lk/web/department-of-public-finance-/section/department-of-public-finance,
phone,pass,Published phone: +94-71-806-3537,https://www.treasury.gov.lk/web/department-of-public-finance-/section/department-of-public-finance,
phone,pass,Published phone: +94-11-248-4635 ,https://www.treasury.gov.lk/web/department-of-public-finance-/section/department-of-public-finance,
phone,pass,Published phone: +94-71-584-6423,https://www.treasury.gov.lk/web/department-of-public-finance-/section/department-of-public-finance,
phone,pass,Published phone: +94-71-819-8543,https://www.treasury.gov.lk/web/department-of-public-finance-/section/department-of-public-finance,
phone,pass,Published phone: +94-70-283-3003,https://www.treasury.gov.lk/web/department-of-public-finance-/section/department-of-public-finance,
phone,pass,Published phone: +94-70-272-7517,https://www.treasury.gov.lk/web/department-of-public-finance-/section/department-of-public-finance,
email,pass,Published email: dissanayaka.wdss@pfd.treasury.gov.lk,https://www.treasury.gov.lk/web/department-of-public-finance-/section/department-of-public-finance,
email,pass,Published email: sarathchandra.tmeh@pfd.treasury.gov.lk,https://www.treasury.gov.lk/web/department-of-public-finance-/section/department-of-public-finance,
email,pass,Published email: doolwalage.rsk@pfd.treasury.gov.lk,https://www.treasury.gov.lk/web/department-of-public-finance-/section/department-of-public-finance,
email,pass,Published email: hansini.pke@pfd.treasury.gov.lk,https://www.treasury.gov.lk/web/department-of-public-finance-/section/department-of-public-finance,
email,pass,Published email: weerasinghe.dj@pfd.treasury.gov.lk,https://www.treasury.gov.lk/web/department-of-public-finance-/section/department-of-public-finance,
email,pass,Published email: dgpf@pfd.treasury.gov.lk,https://www.treasury.gov.lk/web/department-of-public-finance-/section/department-of-public-finance,
email,pass,Published email: dahanayake.das@pfd.treasuey.gov.lk,https://www.treasury.gov.lk/web/department-of-public-finance-/section/department-of-public-finance,
email,pass,Published email: samanmalee.jkn@pfd.treasury.gov.lk,https://www.treasury.gov.lk/web/department-of-public-finance-/section/department-of-public-finance,
email,pass,Published email: pathirage.sg@pfd.treasury.gov.lk,https://www.treasury.gov.lk/web/department-of-public-finance-/section/department-of-public-finance,
email,pass,Published email: hettiarachchi.hdnk@pfd.treasury.gov.lk,https://www.treasury.gov.lk/web/department-of-public-finance-/section/department-of-public-finance,
email,pass,Published email: karunarathna.hdd@pfd.treasury.gov.lk,https://www.treasury.gov.lk/web/department-of-public-finance-/section/department-of-public-finance,
email,pass,Published email: athukorala.jl@pfd.treasury.gov.lk,https://www.treasury.gov.lk/web/department-of-public-finance-/section/department-of-public-finance,
email,pass,Published email: wimalajeewa.wha@pfd.treasury.gov.lk,https://www.treasury.gov.lk/web/department-of-public-finance-/section/department-of-public-finance,
email,pass,Published email: dealwis.nhwn@pfd.treasury.gov.lk,https://www.treasury.gov.lk/web/department-of-public-finance-/section/department-of-public-finance,
email,pass,Published email: danstan.wkd@pfd.treasury.gov.lk,https://www.treasury.gov.lk/web/department-of-public-finance-/section/department-of-public-finance,
email,pass,Published email: suraweera.dtf@pfd.treasury.gov.lk,https://www.treasury.gov.lk/web/department-of-public-finance-/section/department-of-public-finance,
email,pass,Published email: yasarathna.gksck@pfd.treasury.gov.lk,https://www.treasury.gov.lk/web/department-of-public-finance-/section/department-of-public-finance,
email,pass,Published email: devagiri.dms@pfd.treasury.gov.lk,https://www.treasury.gov.lk/web/department-of-public-finance-/section/department-of-public-finance,
email,pass,Published email: perera.kms@pfd.treasury.gov.lk,https://www.treasury.gov.lk/web/department-of-public-finance-/section/department-of-public-finance,
email,pass,Published email: peiris.pssn@pfd.treasury.gov.lk,https://www.treasury.gov.lk/web/department-of-public-finance-/section/department-of-public-finance,
email,pass,Published email: maduwanthi.kgs@pfd.treasury.gov.lk,https://www.treasury.gov.lk/web/department-of-public-finance-/section/department-of-public-finance,
email,pass,Published email: jayasekara.ghdn@pfd.treasury.gov.lk,https://www.treasury.gov.lk/web/department-of-public-finance-/section/department-of-public-finance,
email,pass,Published email: perera.wm@pfd.treasury.gov.lk,https://www.treasury.gov.lk/web/department-of-public-finance-/section/department-of-public-finance,
email,pass,Published email: tharaka.add@pfd.treasury.gov.lk,https://www.treasury.gov.lk/web/department-of-public-finance-/section/department-of-public-finance,
named_responsibility,pass,Published named responsibility: director,https://www.treasury.gov.lk/web/department-of-public-finance-/section/department-of-public-finance,
legal_basis,pass,Published legal basis: regulations,https://www.treasury.gov.lk/web/department-of-public-finance-/section/department-of-public-finance,
phone,pass,Published phone: +94 71 4453236,https://www.treasury.gov.lk/web/department-of-treasury-operations/section/department%20of%20treasury%20operations,
phone,pass,Published phone: +94 70 7940186,https://www.treasury.gov.lk/web/department-of-treasury-operations/section/department%20of%20treasury%20operations,
phone,pass,Published phone: +94 (0) 112 484 60,https://www.treasury.gov.lk/web/department-of-treasury-operations/section/department%20of%20treasury%20operations,
phone,pass,Published phone: +94 71 4960495,https://www.treasury.gov.lk/web/department-of-treasury-operations/section/department%20of%20treasury%20operations,
phone,pass,Published phone: +94 11 2484742,https://www.treasury.gov.lk/web/department-of-treasury-operations/section/department%20of%20treasury%20operations,
phone,pass,Published phone: +94 71 0130743,https://www.treasury.gov.lk/web/department-of-treasury-operations/section/department%20of%20treasury%20operations,
phone,pass,Published phone: 070-7805090,https://www.treasury.gov.lk/web/department-of-treasury-operations/section/department%20of%20treasury%20operations,
phone,pass,Published phone: +94 11 2431498,https://www.treasury.gov.lk/web/department-of-treasury-operations/section/department%20of%20treasury%20operations,
phone,pass,Published phone: +94 (0) 112 484 97,https://www.treasury.gov.lk/web/department-of-treasury-operations/section/department%20of%20treasury%20operations,
phone,pass,Published phone: +94 11 2320042 ,https://www.treasury.gov.lk/web/department-of-treasury-operations/section/department%20of%20treasury%20operations,
phone,pass,Published phone: +94 (0) 112 484 50,https://www.treasury.gov.lk/web/department-of-treasury-operations/section/department%20of%20treasury%20operations,
phone,pass,Published phone: 041-2268561,https://www.treasury.gov.lk/web/department-of-treasury-operations/section/department%20of%20treasury%20operations,
phone,pass,Published phone: +94 70 6987700,https://www.treasury.gov.lk/web/department-of-treasury-operations/section/department%20of%20treasury%20operations,
phone,pass,Published phone: +94 (0) 112 484 70,https://www.treasury.gov.lk/web/department-of-treasury-operations/section/department%20of%20treasury%20operations,
phone,pass,Published phone: +94 71 5315573,https://www.treasury.gov.lk/web/department-of-treasury-operations/section/department%20of%20treasury%20operations,
phone,pass,Published phone: +94 71 4457850,https://www.treasury.gov.lk/web/department-of-treasury-operations/section/department%20of%20treasury%20operations,
phone,pass,Published phone: +94 71 4397802,https://www.treasury.gov.lk/web/department-of-treasury-operations/section/department%20of%20treasury%20operations,
phone,pass,Published phone: +94 33 2272172,https://www.treasury.gov.lk/web/department-of-treasury-operations/section/department%20of%20treasury%20operations,
phone,pass,Published phone: +94 76 1409802,https://www.treasury.gov.lk/web/department-of-treasury-operations/section/department%20of%20treasury%20operations,
phone,pass,Published phone: +94 11 2484948,https://www.treasury.gov.lk/web/department-of-treasury-operations/section/department%20of%20treasury%20operations,
phone,pass,Published phone: +94 71 4464786,https://www.treasury.gov.lk/web/department-of-treasury-operations/section/department%20of%20treasury%20operations,
phone,pass,Published phone: +94 11 2484750 ,https://www.treasury.gov.lk/web/department-of-treasury-operations/section/department%20of%20treasury%20operations,
phone,pass,Published phone: +94 41 2226785,https://www.treasury.gov.lk/web/department-of-treasury-operations/section/department%20of%20treasury%20operations,
phone,pass,Published phone: +94 77 7982302,https://www.treasury.gov.lk/web/department-of-treasury-operations/section/department%20of%20treasury%20operations,
phone,pass,Published phone: +94 11 2151487,https://www.treasury.gov.lk/web/department-of-treasury-operations/section/department%20of%20treasury%20operations,
phone,pass,Published phone: +94 34 2228913,https://www.treasury.gov.lk/web/department-of-treasury-operations/section/department%20of%20treasury%20operations,
phone,pass,Published phone: +94 11 2484843,https://www.treasury.gov.lk/web/department-of-treasury-operations/section/department%20of%20treasury%20operations,
phone,pass,Published phone: +94 11 2484686 ,https://www.treasury.gov.lk/web/department-of-treasury-operations/section/department%20of%20treasury%20operations,
phone,pass,Published phone: +94 11 2431498 ,https://www.treasury.gov.lk/web/department-of-treasury-operations/section/department%20of%20treasury%20operations,
phone,pass,Published phone: +94 11 2951155,https://www.treasury.gov.lk/web/department-of-treasury-operations/section/department%20of%20treasury%20operations,
phone,pass,Published phone: 071-8200450,https://www.treasury.gov.lk/web/department-of-treasury-operations/section/department%20of%20treasury%20operations,
phone,pass,Published phone: +94 071839987,https://www.treasury.gov.lk/web/department-of-treasury-operations/section/department%20of%20treasury%20operations,
phone,pass,Published phone: 011-2431498,https://www.treasury.gov.lk/web/department-of-treasury-operations/section/department%20of%20treasury%20operations,
phone,pass,Published phone: +94 11 2484745,https://www.treasury.gov.lk/web/department-of-treasury-operations/section/department%20of%20treasury%20operations,
phone,pass,Published phone: +94 11 2087742,https://www.treasury.gov.lk/web/department-of-treasury-operations/section/department%20of%20treasury%20operations,
phone,pass,Published phone: +94 71 5348733 ,https://www.treasury.gov.lk/web/department-of-treasury-operations/section/department%20of%20treasury%20operations,
phone,pass,Published phone: +94 35 3227291,https://www.treasury.gov.lk/web/department-of-treasury-operations/section/department%20of%20treasury%20operations,
phone,pass,Published phone: +94 11 2484994,https://www.treasury.gov.lk/web/department-of-treasury-operations/section/department%20of%20treasury%20operations,
phone,pass,Published phone: 076-1409802,https://www.treasury.gov.lk/web/department-of-treasury-operations/section/department%20of%20treasury%20operations,
phone,pass,Published phone: +94 41 2268561,https://www.treasury.gov.lk/web/department-of-treasury-operations/section/department%20of%20treasury%20operations,
phone,pass,Published phone: 034-2257901,https://www.treasury.gov.lk/web/department-of-treasury-operations/section/department%20of%20treasury%20operations,
phone,pass,Published phone: +94 71 4427212 ,https://www.treasury.gov.lk/web/department-of-treasury-operations/section/department%20of%20treasury%20operations,
phone,pass,Published phone: +94 71 6633108,https://www.treasury.gov.lk/web/department-of-treasury-operations/section/department%20of%20treasury%20operations,
phone,pass,Published phone: +94 11 2320042,https://www.treasury.gov.lk/web/department-of-treasury-operations/section/department%20of%20treasury%20operations,
phone,pass,Published phone: +94 11 2208774,https://www.treasury.gov.lk/web/department-of-treasury-operations/section/department%20of%20treasury%20operations,
phone,pass,Published phone: +94 11 2484773,https://www.treasury.gov.lk/web/department-of-treasury-operations/section/department%20of%20treasury%20operations,
phone,pass,Published phone: 011-2484741,https://www.treasury.gov.lk/web/department-of-treasury-operations/section/department%20of%20treasury%20operations,
phone,pass,Published phone: +94 71 7981324,https://www.treasury.gov.lk/web/department-of-treasury-operations/section/department%20of%20treasury%20operations,
phone,pass,Published phone: +94 71 5201035,https://www.treasury.gov.lk/web/department-of-treasury-operations/section/department%20of%20treasury%20operations,
email,pass,Published email: fonseka.gwmu@tod.treasury.gov.lk,https://www.treasury.gov.lk/web/department-of-treasury-operations/section/department%20of%20treasury%20operations,
email,pass,Published email: chandima.bk@tod.treasury.gov.lk,https://www.treasury.gov.lk/web/department-of-treasury-operations/section/department%20of%20treasury%20operations,
email,pass,Published email: jayasinghe.nr@tod.treasury.gov.lk,https://www.treasury.gov.lk/web/department-of-treasury-operations/section/department%20of%20treasury%20operations,
email,pass,Published email: nilanki.ps@tod.treasury.gov.lk,https://www.treasury.gov.lk/web/department-of-treasury-operations/section/department%20of%20treasury%20operations,
email,pass,Published email: dayaratne.ks@tod.treasury.gov.lk,https://www.treasury.gov.lk/web/department-of-treasury-operations/section/department%20of%20treasury%20operations,
email,pass,Published email: kumararathna.mti@tod.treasury.gov.lk,https://www.treasury.gov.lk/web/department-of-treasury-operations/section/department%20of%20treasury%20operations,
email,pass,Published email: rajakaruna.kip@tod.treasury.gov.lk,https://www.treasury.gov.lk/web/department-of-treasury-operations/section/department%20of%20treasury%20operations,
email,pass,Published email: dgto@tod.treasury.gov.lk,https://www.treasury.gov.lk/web/department-of-treasury-operations/section/department%20of%20treasury%20operations,
email,pass,Published email: jayathilake.jamm@tod.treasury.gov.lk,https://www.treasury.gov.lk/web/department-of-treasury-operations/section/department%20of%20treasury%20operations,
email,pass,Published email: perera.mash@tod.treasury.gov.lk,https://www.treasury.gov.lk/web/department-of-treasury-operations/section/department%20of%20treasury%20operations,
email,pass,Published email: gamage.rgw@tod.treasury.gov.lk,https://www.treasury.gov.lk/web/department-of-treasury-operations/section/department%20of%20treasury%20operations,
email,pass,Published email: kumarage.lkap@tod.treasury.go.lk,https://www.treasury.gov.lk/web/department-of-treasury-operations/section/department%20of%20treasury%20operations,
email,pass,Published email: gayanika.ndp@tod.treasury.gov.lk,https://www.treasury.gov.lk/web/department-of-treasury-operations/section/department%20of%20treasury%20operations,
email,pass,Published email: kariyawasam.kpgu@tod.treasury.gov.lk,https://www.treasury.gov.lk/web/department-of-treasury-operations/section/department%20of%20treasury%20operations,
email,pass,Published email: kumari.rm@tod.treasury.gov.lk,https://www.treasury.gov.lk/web/department-of-treasury-operations/section/department%20of%20treasury%20operations,
email,pass,Published email: siriwardhana.kdisk@tod.treasury.gov.lk,https://www.treasury.gov.lk/web/department-of-treasury-operations/section/department%20of%20treasury%20operations,
email,pass,Published email: indunil.rwns@tod.treasury.gov.lk,https://www.treasury.gov.lk/web/department-of-treasury-operations/section/department%20of%20treasury%20operations,
email,pass,Published email: indunil.rwns@tod.treasury.go.lk,https://www.treasury.gov.lk/web/department-of-treasury-operations/section/department%20of%20treasury%20operations,
email,pass,Published email: manamperi.td@tod.treasury.gov.lk,https://www.treasury.gov.lk/web/department-of-treasury-operations/section/department%20of%20treasury%20operations,
email,pass,Published email: shantha.jama@tod.treasury.go.lk,https://www.treasury.gov.lk/web/department-of-treasury-operations/section/department%20of%20treasury%20operations,
email,pass,Published email: liyanage.dldpa@tod.treasury.gov.lk,https://www.treasury.gov.lk/web/department-of-treasury-operations/section/department%20of%20treasury%20operations,
email,pass,Published email: ranaweera.rata@tod.treasury.gov.lk,https://www.treasury.gov.lk/web/department-of-treasury-operations/section/department%20of%20treasury%20operations,
email,pass,Published email: dilrukshi.aai@tod.treasury.gov.lk,https://www.treasury.gov.lk/web/department-of-treasury-operations/section/department%20of%20treasury%20operations,
named_responsibility,pass,Published named responsibility: director,https://www.treasury.gov.lk/web/department-of-treasury-operations/section/department%20of%20treasury%20operations,
legal_basis,pass,Published legal basis: regulations,https://www.treasury.gov.lk/web/department-of-treasury-operations/section/department%20of%20treasury%20operations,
phone,pass,Published phone: +9471 241 7150,https://www.treasury.gov.lk/web/department-of-state-accounts/section/department-of-state-accounts,
phone,pass,Published phone: +9411 248 4747,https://www.treasury.gov.lk/web/department-of-state-accounts/section/department-of-state-accounts,
phone,pass,Published phone: +9411 248 4782,https://www.treasury.gov.lk/web/department-of-state-accounts/section/department-of-state-accounts,
phone,pass,Published phone: +9471 640 5691,https://www.treasury.gov.lk/web/department-of-state-accounts/section/department-of-state-accounts,
phone,pass,Published phone: +9477 597 4688,https://www.treasury.gov.lk/web/department-of-state-accounts/section/department-of-state-accounts,
phone,pass,Published phone: +9411 248 4728 ,https://www.treasury.gov.lk/web/department-of-state-accounts/section/department-of-state-accounts,
phone,pass,Published phone: +9411 215 1485,https://www.treasury.gov.lk/web/department-of-state-accounts/section/department-of-state-accounts,
phone,pass,Published phone: +9477 193 5626,https://www.treasury.gov.lk/web/department-of-state-accounts/section/department-of-state-accounts,
phone,pass,Published phone: +9471 643 2475,https://www.treasury.gov.lk/web/department-of-state-accounts/section/department-of-state-accounts,
phone,pass,Published phone: +9471 597 7862,https://www.treasury.gov.lk/web/department-of-state-accounts/section/department-of-state-accounts,
phone,pass,Published phone: +9477 449 7913,https://www.treasury.gov.lk/web/department-of-state-accounts/section/department-of-state-accounts,
phone,pass,Published phone: +9411 248 4898,https://www.treasury.gov.lk/web/department-of-state-accounts/section/department-of-state-accounts,
phone,pass,Published phone: +9477 137 7605,https://www.treasury.gov.lk/web/department-of-state-accounts/section/department-of-state-accounts,
phone,pass,Published phone: +94 112 473 856,https://www.treasury.gov.lk/web/department-of-state-accounts/section/department-of-state-accounts,
phone,pass,Published phone: +9411 203 4519,https://www.treasury.gov.lk/web/department-of-state-accounts/section/department-of-state-accounts,
phone,pass,Published phone: +9411 248 4737,https://www.treasury.gov.lk/web/department-of-state-accounts/section/department-of-state-accounts,
phone,pass,Published phone: +9411 248 4868,https://www.treasury.gov.lk/web/department-of-state-accounts/section/department-of-state-accounts,
phone,pass,Published phone: +9471 279 3925,https://www.treasury.gov.lk/web/department-of-state-accounts/section/department-of-state-accounts,
phone,pass,Published phone: +9411 215 1443,https://www.treasury.gov.lk/web/department-of-state-accounts/section/department-of-state-accounts,
phone,pass,Published phone: +9411 248 4735,https://www.treasury.gov.lk/web/department-of-state-accounts/section/department-of-state-accounts,
phone,pass,Published phone: +9477 513 5649,https://www.treasury.gov.lk/web/department-of-state-accounts/section/department-of-state-accounts,
phone,pass,Published phone: +9411 203 4518,https://www.treasury.gov.lk/web/department-of-state-accounts/section/department-of-state-accounts,
phone,pass,Published phone: +9411 247 3856,https://www.treasury.gov.lk/web/department-of-state-accounts/section/department-of-state-accounts,
phone,pass,Published phone: +9411 248 4765,https://www.treasury.gov.lk/web/department-of-state-accounts/section/department-of-state-accounts,
phone,pass,Published phone: +9471 441 6291,https://www.treasury.gov.lk/web/department-of-state-accounts/section/department-of-state-accounts,
phone,pass,Published phone: +9411 244 0857,https://www.treasury.gov.lk/web/department-of-state-accounts/section/department-of-state-accounts,
phone,pass,Published phone: +9411 248 4731,https://www.treasury.gov.lk/web/department-of-state-accounts/section/department-of-state-accounts,
phone,pass,Published phone: +9471 816 3162,https://www.treasury.gov.lk/web/department-of-state-accounts/section/department-of-state-accounts,
phone,pass,Published phone: +9471 448 4458,https://www.treasury.gov.lk/web/department-of-state-accounts/section/department-of-state-accounts,
phone,pass,Published phone: +9477 730 4902,https://www.treasury.gov.lk/web/department-of-state-accounts/section/department-of-state-accounts,
phone,pass,Published phone: +9411 248 4826,https://www.treasury.gov.lk/web/department-of-state-accounts/section/department-of-state-accounts,
phone,pass,Published phone: +9411 248 4649,https://www.treasury.gov.lk/web/department-of-state-accounts/section/department-of-state-accounts,
phone,pass,Published phone: +9471 809 9068,https://www.treasury.gov.lk/web/department-of-state-accounts/section/department-of-state-accounts,
phone,pass,Published phone: +9411 248 4736,https://www.treasury.gov.lk/web/department-of-state-accounts/section/department-of-state-accounts,
phone,pass,Published phone: +9471 525 5070,https://www.treasury.gov.lk/web/department-of-state-accounts/section/department-of-state-accounts,
phone,pass,Published phone: +94 112 484 731,https://www.treasury.gov.lk/web/department-of-state-accounts/section/department-of-state-accounts,
phone,pass,Published phone: +9411 248 4732,https://www.treasury.gov.lk/web/department-of-state-accounts/section/department-of-state-accounts,
phone,pass,Published phone: +9476 303 2866,https://www.treasury.gov.lk/web/department-of-state-accounts/section/department-of-state-accounts,
phone,pass,Published phone: +9476 692 4422,https://www.treasury.gov.lk/web/department-of-state-accounts/section/department-of-state-accounts,
phone,pass,Published phone: +9411 215 1488,https://www.treasury.gov.lk/web/department-of-state-accounts/section/department-of-state-accounts,
phone,pass,Published phone: +9470 282 3154,https://www.treasury.gov.lk/web/department-of-state-accounts/section/department-of-state-accounts,
phone,pass,Published phone: +9471 691 3074,https://www.treasury.gov.lk/web/department-of-state-accounts/section/department-of-state-accounts,
phone,pass,Published phone: +9411 248 4728,https://www.treasury.gov.lk/web/department-of-state-accounts/section/department-of-state-accounts,
phone,pass,Published phone: +9411 203 4516,https://www.treasury.gov.lk/web/department-of-state-accounts/section/department-of-state-accounts,
phone,pass,Published phone: +9411 248 4899,https://www.treasury.gov.lk/web/department-of-state-accounts/section/department-of-state-accounts,
phone,pass,Published phone: +94 112 484 728,https://www.treasury.gov.lk/web/department-of-state-accounts/section/department-of-state-accounts,
phone,pass,Published phone: +9411 248 4890,https://www.treasury.gov.lk/web/department-of-state-accounts/section/department-of-state-accounts,
email,pass,Published email: fernando.hlm@sad.treasury.gov.lk,https://www.treasury.gov.lk/web/department-of-state-accounts/section/department-of-state-accounts,
email,pass,Published email: dgsa@sad.treasury.gov.lk,https://www.treasury.gov.lk/web/department-of-state-accounts/section/department-of-state-accounts,
email,pass,Published email: kumara.wrj@sad.treasury.gov.lk,https://www.treasury.gov.lk/web/department-of-state-accounts/section/department-of-state-accounts,
email,pass,Published email: thilakarathna.pa@sad.treasury.gov.lk,https://www.treasury.gov.lk/web/department-of-state-accounts/section/department-of-state-accounts,
email,pass,Published email: kalansuriya.adlg@sad.treasury.gov.lk,https://www.treasury.gov.lk/web/department-of-state-accounts/section/department-of-state-accounts,
email,pass,Published email: harshani.kdu@sad.treasury.gov.lk,https://www.treasury.gov.lk/web/department-of-state-accounts/section/department-of-state-accounts,
email,pass,Published email: fernando.wah@sad.treasury.gov.lk,https://www.treasury.gov.lk/web/department-of-state-accounts/section/department-of-state-accounts,
email,pass,Published email: bandara.gmiu@sad.treasury.gov.lk,https://www.treasury.gov.lk/web/department-of-state-accounts/section/department-of-state-accounts,
email,pass,Published email: mathivathani.rs@sad.treasury.gov.lk,https://www.treasury.gov.lk/web/department-of-state-accounts/section/department-of-state-accounts,
email,pass,Published email: priyanka.dmgbm@sad.treasury.gov.lk,https://www.treasury.gov.lk/web/department-of-state-accounts/section/department-of-state-accounts,
email,pass,Published email: jayaratne.mdns@sad.treasury.gov.lk,https://www.treasury.gov.lk/web/department-of-state-accounts/section/department-of-state-accounts,
email,pass,Published email: tharshan.s@sad.treasury.gov.lk,https://www.treasury.gov.lk/web/department-of-state-accounts/section/department-of-state-accounts,
email,pass,Published email: dissanayake.pdpm@sad.treasury.gov.lk,https://www.treasury.gov.lk/web/department-of-state-accounts/section/department-of-state-accounts,
email,pass,Published email: nandani.hg@sad.treasury.gov.lk,https://www.treasury.gov.lk/web/department-of-state-accounts/section/department-of-state-accounts,
email,pass,Published email: wewalage.lp@sad.treasury.gov.lk,https://www.treasury.gov.lk/web/department-of-state-accounts/section/department-of-state-accounts,
email,pass,Published email: ishara.kkdc@sad.treasury.gov.lk,https://www.treasury.gov.lk/web/department-of-state-accounts/section/department-of-state-accounts,
email,pass,Published email: pathmasekara.ipna@sad.treasury.gov.lk,https://www.treasury.gov.lk/web/department-of-state-accounts/section/department-of-state-accounts,
email,pass,Published email: sajeewani.pa@sad.treasury.gov.lk,https://www.treasury.gov.lk/web/department-of-state-accounts/section/department-of-state-accounts,
email,pass,Published email: ruchirani.nvr@sad.treasury.gov.lk,https://www.treasury.gov.lk/web/department-of-state-accounts/section/department-of-state-accounts,
email,pass,Published email: dharmasiri.hps@sad.treasury.gov.lk,https://www.treasury.gov.lk/web/department-of-state-accounts/section/department-of-state-accounts,
named_responsibility,pass,Published named responsibility: director,https://www.treasury.gov.lk/web/department-of-state-accounts/section/department-of-state-accounts,
legal_basis,pass,Published legal basis: regulations,https://www.treasury.gov.lk/web/department-of-state-accounts/section/department-of-state-accounts,
phone,pass,Published phone: +94 11 2484939,https://www.treasury.gov.lk/web/department-of-trade-and-investment-policies/section/department-of-trade-and-investment-policies,
phone,pass,Published phone: 0112034441,https://www.treasury.gov.lk/web/department-of-trade-and-investment-policies/section/department-of-trade-and-investment-policies,
phone,pass,Published phone: +94 11 2484759,https://www.treasury.gov.lk/web/department-of-trade-and-investment-policies/section/department-of-trade-and-investment-policies,
phone,pass,Published phone: +94 77 1394182,https://www.treasury.gov.lk/web/department-of-trade-and-investment-policies/section/department-of-trade-and-investment-policies,
phone,pass,Published phone: +94 11 2484940,https://www.treasury.gov.lk/web/department-of-trade-and-investment-policies/section/department-of-trade-and-investment-policies,
phone,pass,Published phone: +94 71 3445464,https://www.treasury.gov.lk/web/department-of-trade-and-investment-policies/section/department-of-trade-and-investment-policies,
phone,pass,Published phone: +94 11 2151468,https://www.treasury.gov.lk/web/department-of-trade-and-investment-policies/section/department-of-trade-and-investment-policies,
phone,pass,Published phone: +94 11 2484785,https://www.treasury.gov.lk/web/department-of-trade-and-investment-policies/section/department-of-trade-and-investment-policies,
phone,pass,Published phone: +94 71 8607173,https://www.treasury.gov.lk/web/department-of-trade-and-investment-policies/section/department-of-trade-and-investment-policies,
phone,pass,Published phone: +94 11 2034507,https://www.treasury.gov.lk/web/department-of-trade-and-investment-policies/section/department-of-trade-and-investment-policies,
phone,pass,Published phone: +94 11 2484957,https://www.treasury.gov.lk/web/department-of-trade-and-investment-policies/section/department-of-trade-and-investment-policies,
phone,pass,Published phone: +94 11 2484930,https://www.treasury.gov.lk/web/department-of-trade-and-investment-policies/section/department-of-trade-and-investment-policies,
phone,pass,Published phone: +94 702939230,https://www.treasury.gov.lk/web/department-of-trade-and-investment-policies/section/department-of-trade-and-investment-policies,
phone,pass,Published phone: +94 77 7275189,https://www.treasury.gov.lk/web/department-of-trade-and-investment-policies/section/department-of-trade-and-investment-policies,
phone,pass,Published phone: +94 710421696,https://www.treasury.gov.lk/web/department-of-trade-and-investment-policies/section/department-of-trade-and-investment-policies,
phone,pass,Published phone: +94 11 2484888,https://www.treasury.gov.lk/web/department-of-trade-and-investment-policies/section/department-of-trade-and-investment-policies,
phone,pass,Published phone: +94 (0) 112 484 96,https://www.treasury.gov.lk/web/department-of-trade-and-investment-policies/section/department-of-trade-and-investment-policies,
phone,pass,Published phone: +94 11 2151479,https://www.treasury.gov.lk/web/department-of-trade-and-investment-policies/section/department-of-trade-and-investment-policies,
phone,pass,Published phone: +94 71 4466418,https://www.treasury.gov.lk/web/department-of-trade-and-investment-policies/section/department-of-trade-and-investment-policies,
phone,pass,Published phone: +94 11 2484905,https://www.treasury.gov.lk/web/department-of-trade-and-investment-policies/section/department-of-trade-and-investment-policies,
phone,pass,Published phone: +94 771854366,https://www.treasury.gov.lk/web/department-of-trade-and-investment-policies/section/department-of-trade-and-investment-policies,
phone,pass,Published phone: +94 11 2484655,https://www.treasury.gov.lk/web/department-of-trade-and-investment-policies/section/department-of-trade-and-investment-policies,
phone,pass,Published phone: +94 71 4397658,https://www.treasury.gov.lk/web/department-of-trade-and-investment-policies/section/department-of-trade-and-investment-policies,
phone,pass,Published phone: +94 11 2484660,https://www.treasury.gov.lk/web/department-of-trade-and-investment-policies/section/department-of-trade-and-investment-policies,
phone,pass,Published phone: +94 71 8300336,https://www.treasury.gov.lk/web/department-of-trade-and-investment-policies/section/department-of-trade-and-investment-policies,
phone,pass,Published phone: +9411 2484888,https://www.treasury.gov.lk/web/department-of-trade-and-investment-policies/section/department-of-trade-and-investment-policies,
phone,pass,Published phone: +94 (0) 112 484 88,https://www.treasury.gov.lk/web/department-of-trade-and-investment-policies/section/department-of-trade-and-investment-policies,
phone,pass,Published phone: +94 (0) 112 484 83,https://www.treasury.gov.lk/web/department-of-trade-and-investment-policies/section/department-of-trade-and-investment-policies,
phone,pass,Published phone: +94 11 2034506,https://www.treasury.gov.lk/web/department-of-trade-and-investment-policies/section/department-of-trade-and-investment-policies,
phone,pass,Published phone: +94 77 3088756,https://www.treasury.gov.lk/web/department-of-trade-and-investment-policies/section/department-of-trade-and-investment-policies,
phone,pass,Published phone: +94 77 1240968,https://www.treasury.gov.lk/web/department-of-trade-and-investment-policies/section/department-of-trade-and-investment-policies,
phone,pass,Published phone: +94716523306,https://www.treasury.gov.lk/web/department-of-trade-and-investment-policies/section/department-of-trade-and-investment-policies,
phone,pass,Published phone: +94 11 2034526,https://www.treasury.gov.lk/web/department-of-trade-and-investment-policies/section/department-of-trade-and-investment-policies,
email,pass,Published email: Dilrukshi.dgi@tipd.treasury.gov.lk,https://www.treasury.gov.lk/web/department-of-trade-and-investment-policies/section/department-of-trade-and-investment-policies,
email,pass,Published email: parameswaran.k@tipd.treasury.gov.lk,https://www.treasury.gov.lk/web/department-of-trade-and-investment-policies/section/department-of-trade-and-investment-policies,
email,pass,Published email: wasantha.k@tipd.treasury.gov.lk,https://www.treasury.gov.lk/web/department-of-trade-and-investment-policies/section/department-of-trade-and-investment-policies,
email,pass,Published email: deshapriya.mtcr@tipd.treasury.gov.lk,https://www.treasury.gov.lk/web/department-of-trade-and-investment-policies/section/department-of-trade-and-investment-policies,
email,pass,Published email: perera.brl@tipd.treasury.gov.lk,https://www.treasury.gov.lk/web/department-of-trade-and-investment-policies/section/department-of-trade-and-investment-policies,
email,pass,Published email: gunarathne.mbtu@tipd.treasury.gov.lk,https://www.treasury.gov.lk/web/department-of-trade-and-investment-policies/section/department-of-trade-and-investment-policies,
email,pass,Published email: kumari.sapn@tipd.treasury.gov.lk,https://www.treasury.gov.lk/web/department-of-trade-and-investment-policies/section/department-of-trade-and-investment-policies,
email,pass,Published email: gamage.ghh@tipd.treasury.gov.lk,https://www.treasury.gov.lk/web/department-of-trade-and-investment-policies/section/department-of-trade-and-investment-policies,
email,pass,Published email: ranaweera.rkr@tipd.treasury.gov.lk,https://www.treasury.gov.lk/web/department-of-trade-and-investment-policies/section/department-of-trade-and-investment-policies,
email,pass,Published email: kumara.gdsp@tipd.treasury.gov.lk,https://www.treasury.gov.lk/web/department-of-trade-and-investment-policies/section/department-of-trade-and-investment-policies,
email,pass,Published email: nizam.s@tipd.treasury.gov.lk,https://www.treasury.gov.lk/web/department-of-trade-and-investment-policies/section/department-of-trade-and-investment-policies,
email,pass,Published email: premarathna.dt@tipd.treasury.gov.lk,https://www.treasury.gov.lk/web/department-of-trade-and-investment-policies/section/department-of-trade-and-investment-policies,
email,pass,Published email: Wickramage.at@tipd.treasury.gov.lk,https://www.treasury.gov.lk/web/department-of-trade-and-investment-policies/section/department-of-trade-and-investment-policies,
email,pass,Published email: anandad@tipd.treasury.gov.lk,https://www.treasury.gov.lk/web/department-of-trade-and-investment-policies/section/department-of-trade-and-investment-policies,
email,pass,Published email: dgtip@tipd.treasury.gov.lk,https://www.treasury.gov.lk/web/department-of-trade-and-investment-policies/section/department-of-trade-and-investment-policies,
email,pass,Published email: dissanayake.gs@tipd.treasury.gov.lk,https://www.treasury.gov.lk/web/department-of-trade-and-investment-policies/section/department-of-trade-and-investment-policies,
email,pass,Published email: thusharadominic@tipd.treasury.gov.lk,https://www.treasury.gov.lk/web/department-of-trade-and-investment-policies/section/department-of-trade-and-investment-policies,
email,pass,Published email: Jayarathne.bgk@tipd.treasury.gov.lk,https://www.treasury.gov.lk/web/department-of-trade-and-investment-policies/section/department-of-trade-and-investment-policies,
email,pass,Published email: elapatha.vw@tipd.treasury.gov.lk,https://www.treasury.gov.lk/web/department-of-trade-and-investment-policies/section/department-of-trade-and-investment-policies,
email,pass,Published email: gunawardana.pm@tipd.treasury.gov.lk,https://www.treasury.gov.lk/web/department-of-trade-and-investment-policies/section/department-of-trade-and-investment-policies,
email,pass,Published email: damayanthi.wm@tipd.treasury.gov.lk,https://www.treasury.gov.lk/web/department-of-trade-and-investment-policies/section/department-of-trade-and-investment-policies,
email,pass,Published email: wijekoon.wmr@tipd.treasury.gov.lk,https://www.treasury.gov.lk/web/department-of-trade-and-investment-policies/section/department-of-trade-and-investment-policies,
postal_address,pass,"Published postal address: u003e3rd Floor, Ministry of Finance, The Secretariat, Colombo 01, Sri Lanka",https://www.treasury.gov.lk/web/department-of-trade-and-investment-policies/section/department-of-trade-and-investment-policies,
named_responsibility,pass,Published named responsibility: director,https://www.treasury.gov.lk/web/department-of-trade-and-investment-policies/section/department-of-trade-and-investment-policies,
legal_basis,pass,Published legal basis: regulations,https://www.treasury.gov.lk/web/department-of-trade-and-investment-policies/section/department-of-trade-and-investment-policies,
phone,pass,Published phone: 0718371742,https://www.treasury.gov.lk/web/department-of-legal-affairs/section/department-of-legal-affairs,
phone,pass,Published phone: +94 (0) 112 484 96,https://www.treasury.gov.lk/web/department-of-legal-affairs/section/department-of-legal-affairs,
phone,pass,Published phone: +94 (0) 112 484 67,https://www.treasury.gov.lk/web/department-of-legal-affairs/section/department-of-legal-affairs,
phone,pass,Published phone: 0712415152,https://www.treasury.gov.lk/web/department-of-legal-affairs/section/department-of-legal-affairs,
phone,pass,Published phone: 0777986611,https://www.treasury.gov.lk/web/department-of-legal-affairs/section/department-of-legal-affairs,
phone,pass,Published phone: 0112484960,https://www.treasury.gov.lk/web/department-of-legal-affairs/section/department-of-legal-affairs,
phone,pass,Published phone: 011 2484670,https://www.treasury.gov.lk/web/department-of-legal-affairs/section/department-of-legal-affairs,
phone,pass,Published phone: 0702597359,https://www.treasury.gov.lk/web/department-of-legal-affairs/section/department-of-legal-affairs,
phone,pass,Published phone: 0719181852,https://www.treasury.gov.lk/web/department-of-legal-affairs/section/department-of-legal-affairs,
phone,pass,Published phone: 0771895744,https://www.treasury.gov.lk/web/department-of-legal-affairs/section/department-of-legal-affairs,
phone,pass,Published phone: 0715349115,https://www.treasury.gov.lk/web/department-of-legal-affairs/section/department-of-legal-affairs,
email,pass,Published email: lasnijaya@yahoo.com,https://www.treasury.gov.lk/web/department-of-legal-affairs/section/department-of-legal-affairs,
email,pass,Published email: devikap@yahoo.com,https://www.treasury.gov.lk/web/department-of-legal-affairs/section/department-of-legal-affairs,
email,pass,Published email: sujeewawijayalath@gmail.com,https://www.treasury.gov.lk/web/department-of-legal-affairs/section/department-of-legal-affairs,
email,pass,Published email: dg.legal@mo.treasury.gov.lk,https://www.treasury.gov.lk/web/department-of-legal-affairs/section/department-of-legal-affairs,
email,pass,Published email: @gmail.com,https://www.treasury.gov.lk/web/department-of-legal-affairs/section/department-of-legal-affairs,
email,pass,Published email: dilrukshibasnayake@gmail.com,https://www.treasury.gov.lk/web/department-of-legal-affairs/section/department-of-legal-affairs,
email,pass,Published email: desamansurathnayake@gmail.com,https://www.treasury.gov.lk/web/department-of-legal-affairs/section/department-of-legal-affairs,
email,pass,Published email: arandara71@gmail.com,https://www.treasury.gov.lk/web/department-of-legal-affairs/section/department-of-legal-affairs,
named_responsibility,pass,Published named responsibility: director,https://www.treasury.gov.lk/web/department-of-legal-affairs/section/department-of-legal-affairs,
legal_basis,pass,Published legal basis: regulations,https://www.treasury.gov.lk/web/department-of-legal-affairs/section/department-of-legal-affairs,
phone,pass,Published phone: 077-7268027,https://www.treasury.gov.lk/web/department-of-management-audit/section/department-of-management-audit,
phone,pass,Published phone: +94-11-2484543,https://www.treasury.gov.lk/web/department-of-management-audit/section/department-of-management-audit,
phone,pass,Published phone: +94-71-4513830,https://www.treasury.gov.lk/web/department-of-management-audit/section/department-of-management-audit,
phone,pass,Published phone: +94 112 484 816,https://www.treasury.gov.lk/web/department-of-management-audit/section/department-of-management-audit,
phone,pass,Published phone: +94-11-2484768,https://www.treasury.gov.lk/web/department-of-management-audit/section/department-of-management-audit,
phone,pass,Published phone: +94-77-6581987,https://www.treasury.gov.lk/web/department-of-management-audit/section/department-of-management-audit,
phone,pass,Published phone: +94-11-2484781,https://www.treasury.gov.lk/web/department-of-management-audit/section/department-of-management-audit,
phone,pass,Published phone: +94-11-2151470,https://www.treasury.gov.lk/web/department-of-management-audit/section/department-of-management-audit,
phone,pass,Published phone: +94-11-2484692,https://www.treasury.gov.lk/web/department-of-management-audit/section/department-of-management-audit,
phone,pass,Published phone: +94-71-8360960,https://www.treasury.gov.lk/web/department-of-management-audit/section/department-of-management-audit,
phone,pass,Published phone: 011-2151473,https://www.treasury.gov.lk/web/department-of-management-audit/section/department-of-management-audit,
phone,pass,Published phone: +94-77-1129507,https://www.treasury.gov.lk/web/department-of-management-audit/section/department-of-management-audit,
phone,pass,Published phone: +94-11-2484758,https://www.treasury.gov.lk/web/department-of-management-audit/section/department-of-management-audit,
phone,pass,Published phone: +94-71-4488286,https://www.treasury.gov.lk/web/department-of-management-audit/section/department-of-management-audit,
phone,pass,Published phone: +94 112 449 496,https://www.treasury.gov.lk/web/department-of-management-audit/section/department-of-management-audit,
phone,pass,Published phone: +94-11-2484531,https://www.treasury.gov.lk/web/department-of-management-audit/section/department-of-management-audit,
phone,pass,Published phone: +94-71-8330124,https://www.treasury.gov.lk/web/department-of-management-audit/section/department-of-management-audit,
phone,pass,Published phone: +94-71-5353291,https://www.treasury.gov.lk/web/department-of-management-audit/section/department-of-management-audit,
phone,pass,Published phone: +94-11-2622594,https://www.treasury.gov.lk/web/department-of-management-audit/section/department-of-management-audit,
phone,pass,Published phone: +94-11-2802056,https://www.treasury.gov.lk/web/department-of-management-audit/section/department-of-management-audit,
phone,pass,Published phone: +94-11-2484913,https://www.treasury.gov.lk/web/department-of-management-audit/section/department-of-management-audit,
phone,pass,Published phone: 011-2484974,https://www.treasury.gov.lk/web/department-of-management-audit/section/department-of-management-audit,
phone,pass,Published phone: +94-11-2151471,https://www.treasury.gov.lk/web/department-of-management-audit/section/department-of-management-audit,
phone,pass,Published phone: +94-11-2484770,https://www.treasury.gov.lk/web/department-of-management-audit/section/department-of-management-audit,
phone,pass,Published phone: 011-2484529,https://www.treasury.gov.lk/web/department-of-management-audit/section/department-of-management-audit,
phone,pass,Published phone: 071-6462371,https://www.treasury.gov.lk/web/department-of-management-audit/section/department-of-management-audit,
phone,pass,Published phone: +94-11-2484841,https://www.treasury.gov.lk/web/department-of-management-audit/section/department-of-management-audit,
phone,pass,Published phone: +94-71-0355805,https://www.treasury.gov.lk/web/department-of-management-audit/section/department-of-management-audit,
phone,pass,Published phone: +94-77-9886982,https://www.treasury.gov.lk/web/department-of-management-audit/section/department-of-management-audit,
phone,pass,Published phone: +94-91-2261510,https://www.treasury.gov.lk/web/department-of-management-audit/section/department-of-management-audit,
phone,pass,Published phone: +94-71-4472140,https://www.treasury.gov.lk/web/department-of-management-audit/section/department-of-management-audit,
phone,pass,Published phone: +94-76-5595805,https://www.treasury.gov.lk/web/department-of-management-audit/section/department-of-management-audit,
phone,pass,Published phone: +94-71-8019894,https://www.treasury.gov.lk/web/department-of-management-audit/section/department-of-management-audit,
phone,pass,Published phone: 071-4481864,https://www.treasury.gov.lk/web/department-of-management-audit/section/department-of-management-audit,
phone,pass,Published phone: +94 112 484 772,https://www.treasury.gov.lk/web/department-of-management-audit/section/department-of-management-audit,
email,pass,Published email: fernando.pjd@dma.treasury.gov.lk,https://www.treasury.gov.lk/web/department-of-management-audit/section/department-of-management-audit,
email,pass,Published email: thisara.bg@dma.treasury.gov.lk,https://www.treasury.gov.lk/web/department-of-management-audit/section/department-of-management-audit,
email,pass,Published email: pathirana.ppc@dma.treasury.gov.lk,https://www.treasury.gov.lk/web/department-of-management-audit/section/department-of-management-audit,
email,pass,Published email: prabhaharen.t@dma.treasury.gov.lk,https://www.treasury.gov.lk/web/department-of-management-audit/section/department-of-management-audit,
email,pass,Published email: indika.bk@dma.treasury.gov.lk,https://www.treasury.gov.lk/web/department-of-management-audit/section/department-of-management-audit,
email,pass,Published email: dharmasena.bbms@dma.treasury.gov.lk,https://www.treasury.gov.lk/web/department-of-management-audit/section/department-of-management-audit,
email,pass,Published email: lakmali.dkdg@dma.treasury.gov.lk,https://www.treasury.gov.lk/web/department-of-management-audit/section/department-of-management-audit,
email,pass,Published email: welikala.dns@dma.treasury.gov.lk,https://www.treasury.gov.lk/web/department-of-management-audit/section/department-of-management-audit,
email,pass,Published email: jereed.ja@dma.treasury.gov.lk,https://www.treasury.gov.lk/web/department-of-management-audit/section/department-of-management-audit,
email,pass,Published email: nakandala.ndcp@dma.treasury.gov.lk,https://www.treasury.gov.lk/web/department-of-management-audit/section/department-of-management-audit,
email,pass,Published email: ranjith.dws@dma.treasury.gov.lk,https://www.treasury.gov.lk/web/department-of-management-audit/section/department-of-management-audit,
email,pass,Published email: dgma@dma.treasury.gov.lk,https://www.treasury.gov.lk/web/department-of-management-audit/section/department-of-management-audit,
email,pass,Published email: dabare.pdh@dma.treasury.gov.lk,https://www.treasury.gov.lk/web/department-of-management-audit/section/department-of-management-audit,
named_responsibility,pass,Published named responsibility: director,https://www.treasury.gov.lk/web/department-of-management-audit/section/department-of-management-audit,
legal_basis,pass,Published legal basis: regulations,https://www.treasury.gov.lk/web/department-of-management-audit/section/department-of-management-audit,
phone,pass,Published phone: 0112151446,https://www.treasury.gov.lk/web/department-of-development-finance/section/department-of-development-finance,
phone,pass,Published phone: 0777224355,https://www.treasury.gov.lk/web/department-of-development-finance/section/department-of-development-finance,
phone,pass,Published phone: 011-2484542,https://www.treasury.gov.lk/web/department-of-development-finance/section/department-of-development-finance,
phone,pass,Published phone: 0112484855,https://www.treasury.gov.lk/web/department-of-development-finance/section/department-of-development-finance,
phone,pass,Published phone: 0112484595,https://www.treasury.gov.lk/web/department-of-development-finance/section/department-of-development-finance,
phone,pass,Published phone: +94 112 484 862,https://www.treasury.gov.lk/web/department-of-development-finance/section/department-of-development-finance,
phone,pass,Published phone: 0704437929,https://www.treasury.gov.lk/web/department-of-development-finance/section/department-of-development-finance,
phone,pass,Published phone: 0112484854,https://www.treasury.gov.lk/web/department-of-development-finance/section/department-of-development-finance,
phone,pass,Published phone: 0714334037,https://www.treasury.gov.lk/web/department-of-development-finance/section/department-of-development-finance,
phone,pass,Published phone: 0112484879,https://www.treasury.gov.lk/web/department-of-development-finance/section/department-of-development-finance,
phone,pass,Published phone: 0716226592,https://www.treasury.gov.lk/web/department-of-development-finance/section/department-of-development-finance,
phone,pass,Published phone: 0112484574,https://www.treasury.gov.lk/web/department-of-development-finance/section/department-of-development-finance,
phone,pass,Published phone: 0715349063,https://www.treasury.gov.lk/web/department-of-development-finance/section/department-of-development-finance,
phone,pass,Published phone: 0715348760,https://www.treasury.gov.lk/web/department-of-development-finance/section/department-of-development-finance,
phone,pass,Published phone: 0112484572,https://www.treasury.gov.lk/web/department-of-development-finance/section/department-of-development-finance,
phone,pass,Published phone: 0112484596,https://www.treasury.gov.lk/web/department-of-development-finance/section/department-of-development-finance,
phone,pass,Published phone: 0718022736,https://www.treasury.gov.lk/web/department-of-development-finance/section/department-of-development-finance,
phone,pass,Published phone: 0716721454,https://www.treasury.gov.lk/web/department-of-development-finance/section/department-of-development-finance,
phone,pass,Published phone: 0112484829,https://www.treasury.gov.lk/web/department-of-development-finance/section/department-of-development-finance,
phone,pass,Published phone: 0716843450,https://www.treasury.gov.lk/web/department-of-development-finance/section/department-of-development-finance,
phone,pass,Published phone: 0718568031,https://www.treasury.gov.lk/web/department-of-development-finance/section/department-of-development-finance,
phone,pass,Published phone: 0711211700,https://www.treasury.gov.lk/web/department-of-development-finance/section/department-of-development-finance,
phone,pass,Published phone: 0112484542,https://www.treasury.gov.lk/web/department-of-development-finance/section/department-of-development-finance,
phone,pass,Published phone: 0112394908,https://www.treasury.gov.lk/web/department-of-development-finance/section/department-of-development-finance,
phone,pass,Published phone: 0775542673,https://www.treasury.gov.lk/web/department-of-development-finance/section/department-of-development-finance,
phone,pass,Published phone: 0702788990,https://www.treasury.gov.lk/web/department-of-development-finance/section/department-of-development-finance,
phone,pass,Published phone: 0712550873,https://www.treasury.gov.lk/web/department-of-development-finance/section/department-of-development-finance,
phone,pass,Published phone: 0711687903,https://www.treasury.gov.lk/web/department-of-development-finance/section/department-of-development-finance,
phone,pass,Published phone: 0.333333333,https://www.treasury.gov.lk/web/department-of-development-finance/section/department-of-development-finance,
phone,pass,Published phone: 070-2658829,https://www.treasury.gov.lk/web/department-of-development-finance/section/department-of-development-finance,
phone,pass,Published phone: 011-2484600,https://www.treasury.gov.lk/web/department-of-development-finance/section/department-of-development-finance,
phone,pass,Published phone: 0779338427,https://www.treasury.gov.lk/web/department-of-development-finance/section/department-of-development-finance,
phone,pass,Published phone: 0715350094,https://www.treasury.gov.lk/web/department-of-development-finance/section/department-of-development-finance,
phone,pass,Published phone: 0112484673,https://www.treasury.gov.lk/web/department-of-development-finance/section/department-of-development-finance,
phone,pass,Published phone: 0718100524,https://www.treasury.gov.lk/web/department-of-development-finance/section/department-of-development-finance,
phone,pass,Published phone: 0774245429,https://www.treasury.gov.lk/web/department-of-development-finance/section/department-of-development-finance,
phone,pass,Published phone: 0112484955,https://www.treasury.gov.lk/web/department-of-development-finance/section/department-of-development-finance,
phone,pass,Published phone: 0718115950,https://www.treasury.gov.lk/web/department-of-development-finance/section/department-of-development-finance,
phone,pass,Published phone: 0112337527,https://www.treasury.gov.lk/web/department-of-development-finance/section/department-of-development-finance,
phone,pass,Published phone: +94 112 394 908,https://www.treasury.gov.lk/web/department-of-development-finance/section/department-of-development-finance,
phone,pass,Published phone: 0714459797,https://www.treasury.gov.lk/web/department-of-development-finance/section/department-of-development-finance,
phone,pass,Published phone: 0775580856,https://www.treasury.gov.lk/web/department-of-development-finance/section/department-of-development-finance,
phone,pass,Published phone: 0112484594,https://www.treasury.gov.lk/web/department-of-development-finance/section/department-of-development-finance,
phone,pass,Published phone: 0714261951,https://www.treasury.gov.lk/web/department-of-development-finance/section/department-of-development-finance,
phone,pass,Published phone: 0112484605,https://www.treasury.gov.lk/web/department-of-development-finance/section/department-of-development-finance,
phone,pass,Published phone: 0112484600,https://www.treasury.gov.lk/web/department-of-development-finance/section/department-of-development-finance,
phone,pass,Published phone: 0714495855,https://www.treasury.gov.lk/web/department-of-development-finance/section/department-of-development-finance,
phone,pass,Published phone: 0707622164,https://www.treasury.gov.lk/web/department-of-development-finance/section/department-of-development-finance,
phone,pass,Published phone: 01885-8432-4,https://www.treasury.gov.lk/web/department-of-development-finance/section/department-of-development-finance,
phone,pass,Published phone: 0112484955 ,https://www.treasury.gov.lk/web/department-of-development-finance/section/department-of-development-finance,
phone,pass,Published phone: 011-2394908,https://www.treasury.gov.lk/web/department-of-development-finance/section/department-of-development-finance,
phone,pass,Published phone: 0112034522,https://www.treasury.gov.lk/web/department-of-development-finance/section/department-of-development-finance,
email,pass,Published email: maithreerathna.rda@dfd.treasury.gov.lk,https://www.treasury.gov.lk/web/department-of-development-finance/section/department-of-development-finance,
email,pass,Published email: kumari.dgn@dfd.treasury.gov.lk,https://www.treasury.gov.lk/web/department-of-development-finance/section/department-of-development-finance,
email,pass,Published email: perera.psn@dfd.treasury.gov.lk,https://www.treasury.gov.lk/web/department-of-development-finance/section/department-of-development-finance,
email,pass,Published email: himansa.eas@dfd.treasury.gov.lk,https://www.treasury.gov.lk/web/department-of-development-finance/section/department-of-development-finance,
email,pass,Published email: vasantharajah.t@dfd.treasury.gov.lk,https://www.treasury.gov.lk/web/department-of-development-finance/section/department-of-development-finance,
email,pass,Published email: samanmala.bp@dfd.treasury.gov.lk,https://www.treasury.gov.lk/web/department-of-development-finance/section/department-of-development-finance,
email,pass,Published email: dushyantha.khkp@dfd.treasury.gov.lk,https://www.treasury.gov.lk/web/department-of-development-finance/section/department-of-development-finance,
email,pass,Published email: banda.jmh@dfd.treasury.gov.lk,https://www.treasury.gov.lk/web/department-of-development-finance/section/department-of-development-finance,
email,pass,Published email: peiris.mkg@dfd.treasury.gov.lk,https://www.treasury.gov.lk/web/department-of-development-finance/section/department-of-development-finance,
email,pass,Published email: nandasena.macsm@dfd.treasury.gov.lk,https://www.treasury.gov.lk/web/department-of-development-finance/section/department-of-development-finance,
email,pass,Published email: tharanga.akay@dfd.treasury.gov.lk,https://www.treasury.gov.lk/web/department-of-development-finance/section/department-of-development-finance,
email,pass,Published email: damayanthi.ps@dfd.treasury.gov.lk,https://www.treasury.gov.lk/web/department-of-development-finance/section/department-of-development-finance,
email,pass,Published email: manopriya.kas@dfd.treasury.gov.lk,https://www.treasury.gov.lk/web/department-of-development-finance/section/department-of-development-finance,
email,pass,Published email: dissanayake.wm@dfd.treasury.gov.lk,https://www.treasury.gov.lk/web/department-of-development-finance/section/department-of-development-finance,
email,pass,Published email: wijesinghebanda.rm@dfd.treasury.gov.lk,https://www.treasury.gov.lk/web/department-of-development-finance/section/department-of-development-finance,
email,pass,Published email: kurukuladiththa.hkh@dfd.treasury.gov.lk,https://www.treasury.gov.lk/web/department-of-development-finance/section/department-of-development-finance,
email,pass,Published email: rasanjalie.pgp@dfd.treasury.gov.lk,https://www.treasury.gov.lk/web/department-of-development-finance/section/department-of-development-finance,
email,pass,Published email: dayanath.dggs@dfd.treasury.gov.lk,https://www.treasury.gov.lk/web/department-of-development-finance/section/department-of-development-finance,
email,pass,Published email: kumudini.gas@dfd.treasury.gov.lk,https://www.treasury.gov.lk/web/department-of-development-finance/section/department-of-development-finance,
email,pass,Published email: hettiarachchi.pmk@dfd.treasury.gov.lk,https://www.treasury.gov.lk/web/department-of-development-finance/section/department-of-development-finance,
email,pass,Published email: gunawardana.kkslp@dfd.treasury.gov.lk,https://www.treasury.gov.lk/web/department-of-development-finance/section/department-of-development-finance,
email,pass,Published email: abeywardana.wpbs@dfd.treasury.gov.lk,https://www.treasury.gov.lk/web/department-of-development-finance/section/department-of-development-finance,
email,pass,Published email: dgdf@dfd.treasury.gov.lk,https://www.treasury.gov.lk/web/department-of-development-finance/section/department-of-development-finance,
email,pass,Published email: somathilaka.mwn@dfd.treasury.gov.lk,https://www.treasury.gov.lk/web/department-of-development-finance/section/department-of-development-finance,
email,pass,Published email: karunatilake.cs@dfd.treasury.gov.lk,https://www.treasury.gov.lk/web/department-of-development-finance/section/department-of-development-finance,
email,pass,Published email: somathilaka.mwn@dfd.treasury.gov.lk,https://www.treasury.gov.lk/web/department-of-development-finance/section/department-of-development-finance,
email,pass,Published email: godawaththa.gacv@dfd.treasury.gov.lk,https://www.treasury.gov.lk/web/department-of-development-finance/section/department-of-development-finance,
named_responsibility,pass,Published named responsibility: director,https://www.treasury.gov.lk/web/department-of-development-finance/section/department-of-development-finance,
legal_basis,pass,Published legal basis: regulations,https://www.treasury.gov.lk/web/department-of-development-finance/section/department-of-development-finance,
phone,pass,Published phone: +94 11 2484624,https://www.treasury.gov.lk/web/department-of-public-enterprises/section/department-of-public-enterprises,
phone,pass,Published phone: +94 71 8124168,https://www.treasury.gov.lk/web/department-of-public-enterprises/section/department-of-public-enterprises,
phone,pass,Published phone: +94 11 2484997,https://www.treasury.gov.lk/web/department-of-public-enterprises/section/department-of-public-enterprises,
phone,pass,Published phone: +94 11 2484979,https://www.treasury.gov.lk/web/department-of-public-enterprises/section/department-of-public-enterprises,
phone,pass,Published phone: +94 11 2484671,https://www.treasury.gov.lk/web/department-of-public-enterprises/section/department-of-public-enterprises,
phone,pass,Published phone: +94 11 2484617,https://www.treasury.gov.lk/web/department-of-public-enterprises/section/department-of-public-enterprises,
phone,pass,Published phone: +94 71 4419196,https://www.treasury.gov.lk/web/department-of-public-enterprises/section/department-of-public-enterprises,
phone,pass,Published phone: +94 77 3452909,https://www.treasury.gov.lk/web/department-of-public-enterprises/section/department-of-public-enterprises,
phone,pass,Published phone: +94 112484628,https://www.treasury.gov.lk/web/department-of-public-enterprises/section/department-of-public-enterprises,
phone,pass,Published phone: +94 11 2484700,https://www.treasury.gov.lk/web/department-of-public-enterprises/section/department-of-public-enterprises,
phone,pass,Published phone: +94 11 2484832,https://www.treasury.gov.lk/web/department-of-public-enterprises/section/department-of-public-enterprises,
phone,pass,Published phone: +94 11 2484675,https://www.treasury.gov.lk/web/department-of-public-enterprises/section/department-of-public-enterprises,
phone,pass,Published phone: +94 11 2484833,https://www.treasury.gov.lk/web/department-of-public-enterprises/section/department-of-public-enterprises,
phone,pass,Published phone: +94 112484622,https://www.treasury.gov.lk/web/department-of-public-enterprises/section/department-of-public-enterprises,
phone,pass,Published phone: +94 778855860,https://www.treasury.gov.lk/web/department-of-public-enterprises/section/department-of-public-enterprises,
phone,pass,Published phone: +94 71 4346547,https://www.treasury.gov.lk/web/department-of-public-enterprises/section/department-of-public-enterprises,
phone,pass,Published phone: +94 71 8414421,https://www.treasury.gov.lk/web/department-of-public-enterprises/section/department-of-public-enterprises,
phone,pass,Published phone: +94 11 2484630,https://www.treasury.gov.lk/web/department-of-public-enterprises/section/department-of-public-enterprises,
phone,pass,Published phone: +94 11 2484786,https://www.treasury.gov.lk/web/department-of-public-enterprises/section/department-of-public-enterprises,
phone,pass,Published phone: +94 71 8124167,https://www.treasury.gov.lk/web/department-of-public-enterprises/section/department-of-public-enterprises,
phone,pass,Published phone: +94 11 2484627,https://www.treasury.gov.lk/web/department-of-public-enterprises/section/department-of-public-enterprises,
phone,pass,Published phone: +94 11 2151400,https://www.treasury.gov.lk/web/department-of-public-enterprises/section/department-of-public-enterprises,
phone,pass,Published phone: +94 11 2484835,https://www.treasury.gov.lk/web/department-of-public-enterprises/section/department-of-public-enterprises,
phone,pass,Published phone: +94 112 484 617,https://www.treasury.gov.lk/web/department-of-public-enterprises/section/department-of-public-enterprises,
phone,pass,Published phone: +94 71 4913177,https://www.treasury.gov.lk/web/department-of-public-enterprises/section/department-of-public-enterprises,
phone,pass,Published phone: +94 11 2484949,https://www.treasury.gov.lk/web/department-of-public-enterprises/section/department-of-public-enterprises,
phone,pass,Published phone: +94 75 2507444,https://www.treasury.gov.lk/web/department-of-public-enterprises/section/department-of-public-enterprises,
phone,pass,Published phone: +94 710135114,https://www.treasury.gov.lk/web/department-of-public-enterprises/section/department-of-public-enterprises,
phone,pass,Published phone: +94 11 2484500,https://www.treasury.gov.lk/web/department-of-public-enterprises/section/department-of-public-enterprises,
phone,pass,Published phone: +94 11 2484839,https://www.treasury.gov.lk/web/department-of-public-enterprises/section/department-of-public-enterprises,
phone,pass,Published phone: +94 11 2513222,https://www.treasury.gov.lk/web/department-of-public-enterprises/section/department-of-public-enterprises,
phone,pass,Published phone: +94 11 2484624 ,https://www.treasury.gov.lk/web/department-of-public-enterprises/section/department-of-public-enterprises,
phone,pass,Published phone: +94 771276543,https://www.treasury.gov.lk/web/department-of-public-enterprises/section/department-of-public-enterprises,
phone,pass,Published phone: +94 11 2484834,https://www.treasury.gov.lk/web/department-of-public-enterprises/section/department-of-public-enterprises,
phone,pass,Published phone: +94 11 2484837,https://www.treasury.gov.lk/web/department-of-public-enterprises/section/department-of-public-enterprises,
phone,pass,Published phone: +94 112 484 624,https://www.treasury.gov.lk/web/department-of-public-enterprises/section/department-of-public-enterprises,
phone,pass,Published phone: +94 71 4400832,https://www.treasury.gov.lk/web/department-of-public-enterprises/section/department-of-public-enterprises,
phone,pass,Published phone: +94 772336414,https://www.treasury.gov.lk/web/department-of-public-enterprises/section/department-of-public-enterprises,
phone,pass,Published phone: +94 11 2484726,https://www.treasury.gov.lk/web/department-of-public-enterprises/section/department-of-public-enterprises,
phone,pass,Published phone: +94 71 5362249,https://www.treasury.gov.lk/web/department-of-public-enterprises/section/department-of-public-enterprises,
phone,pass,Published phone: +94 750464564,https://www.treasury.gov.lk/web/department-of-public-enterprises/section/department-of-public-enterprises,
phone,pass,Published phone: +94 716885367,https://www.treasury.gov.lk/web/department-of-public-enterprises/section/department-of-public-enterprises,
phone,pass,Published phone: +94 11 2484856,https://www.treasury.gov.lk/web/department-of-public-enterprises/section/department-of-public-enterprises,
phone,pass,Published phone: +94 71 5349031,https://www.treasury.gov.lk/web/department-of-public-enterprises/section/department-of-public-enterprises,
phone,pass,Published phone: +94 11 2034526,https://www.treasury.gov.lk/web/department-of-public-enterprises/section/department-of-public-enterprises,
email,pass,Published email: senananyaka.jdg@ped.treasury.gov.lk,https://www.treasury.gov.lk/web/department-of-public-enterprises/section/department-of-public-enterprises,
email,pass,Published email: kumara.hans@ped.treasury.gov.lk,https://www.treasury.gov.lk/web/department-of-public-enterprises/section/department-of-public-enterprises,
email,pass,Published email: kumara.pw@ped.treasury.gov.lk,https://www.treasury.gov.lk/web/department-of-public-enterprises/section/department-of-public-enterprises,
email,pass,Published email: gayoms@gmail.com,https://www.treasury.gov.lk/web/department-of-public-enterprises/section/department-of-public-enterprises,
email,pass,Published email: abdeen.rj@ped.tresury.gov.lk,https://www.treasury.gov.lk/web/department-of-public-enterprises/section/department-of-public-enterprises,
email,pass,Published email: tharakacgo@gmail.com,https://www.treasury.gov.lk/web/department-of-public-enterprises/section/department-of-public-enterprises,
email,pass,Published email: saman@iuj.ac.jp,https://www.treasury.gov.lk/web/department-of-public-enterprises/section/department-of-public-enterprises,
email,pass,Published email: dkgamage1@gmail.com,https://www.treasury.gov.lk/web/department-of-public-enterprises/section/department-of-public-enterprises,
email,pass,Published email: him.wije@gmail.com,https://www.treasury.gov.lk/web/department-of-public-enterprises/section/department-of-public-enterprises,
email,pass,Published email: daneeshajayadewa1975@gmail.com,https://www.treasury.gov.lk/web/department-of-public-enterprises/section/department-of-public-enterprises,
email,pass,Published email: Jayadewa.dc@ped.treasury.gov.lk,https://www.treasury.gov.lk/web/department-of-public-enterprises/section/department-of-public-enterprises,
email,pass,Published email: rj2abdeen@gmail.com,https://www.treasury.gov.lk/web/department-of-public-enterprises/section/department-of-public-enterprises,
email,pass,Published email: dilhani.agm@pfd.treasury.gov.lk,https://www.treasury.gov.lk/web/department-of-public-enterprises/section/department-of-public-enterprises,
email,pass,Published email: sudeshranga@gmail.com,https://www.treasury.gov.lk/web/department-of-public-enterprises/section/department-of-public-enterprises,
email,pass,Published email: mussilacm@gmail.com,https://www.treasury.gov.lk/web/department-of-public-enterprises/section/department-of-public-enterprises,
email,pass,Published email: godagama.we@ped.treasury.gov.lk,https://www.treasury.gov.lk/web/department-of-public-enterprises/section/department-of-public-enterprises,
email,pass,Published email: wijesuriya.yl@ped.treasury.gov.lk,https://www.treasury.gov.lk/web/department-of-public-enterprises/section/department-of-public-enterprises,
email,pass,Published email: nayanakrishanthi77@gmail.com,https://www.treasury.gov.lk/web/department-of-public-enterprises/section/department-of-public-enterprises,
email,pass,Published email: kvcdil@iuj.ac.jp,https://www.treasury.gov.lk/web/department-of-public-enterprises/section/department-of-public-enterprises,
email,pass,Published email: orsperera@gmail.com,https://www.treasury.gov.lk/web/department-of-public-enterprises/section/department-of-public-enterprises,
email,pass,Published email: liyanage.wlma@ped.treasury.gov.lk,https://www.treasury.gov.lk/web/department-of-public-enterprises/section/department-of-public-enterprises,
email,pass,Published email: kethmini.imgd@ped.treasury.gov.lk,https://www.treasury.gov.lk/web/department-of-public-enterprises/section/department-of-public-enterprises,
email,pass,Published email: palikapriyangani@gmail.com,https://www.treasury.gov.lk/web/department-of-public-enterprises/section/department-of-public-enterprises,
email,pass,Published email: nipathirana88@gmail.com,https://www.treasury.gov.lk/web/department-of-public-enterprises/section/department-of-public-enterprises,
email,pass,Published email: dilrukshi.kvc@ped.treasury.gov.lk,https://www.treasury.gov.lk/web/department-of-public-enterprises/section/department-of-public-enterprises,
email,pass,Published email: liyanage.jpp@ped.treasury.gov.lk,https://www.treasury.gov.lk/web/department-of-public-enterprises/section/department-of-public-enterprises,
email,pass,Published email: pathirana.nj@ped.treasury.gov.lk,https://www.treasury.gov.lk/web/department-of-public-enterprises/section/department-of-public-enterprises,
email,pass,Published email: kegsusantha@gmail.com,https://www.treasury.gov.lk/web/department-of-public-enterprises/section/department-of-public-enterprises,
email,pass,Published email: ranasinghe.ra@ped.treasury.gov.lk,https://www.treasury.gov.lk/web/department-of-public-enterprises/section/department-of-public-enterprises,
email,pass,Published email: wijerathne.nahk@ped.treasury.gov.lk,https://www.treasury.gov.lk/web/department-of-public-enterprises/section/department-of-public-enterprises,
email,pass,Published email: rodrigo.t@mo.treasury.gov.lk,https://www.treasury.gov.lk/web/department-of-public-enterprises/section/department-of-public-enterprises,
email,pass,Published email: dgpe@ped.treasury.gov.lk,https://www.treasury.gov.lk/web/department-of-public-enterprises/section/department-of-public-enterprises,
email,pass,Published email: wickramasinghe.ar@ped.treasury.gov.lk,https://www.treasury.gov.lk/web/department-of-public-enterprises/section/department-of-public-enterprises,
named_responsibility,pass,Published named responsibility: director,https://www.treasury.gov.lk/web/department-of-public-enterprises/section/department-of-public-enterprises,
legal_basis,pass,Published legal basis: regulations,https://www.treasury.gov.lk/web/department-of-public-enterprises/section/department-of-public-enterprises,
phone,pass,Published phone: 071-4422238,https://www.treasury.gov.lk/web/department-of-project-management-and-monitoring/section/Department-of-Project-Management-and-Monitoring,
phone,pass,Published phone: 077-9550135,https://www.treasury.gov.lk/web/department-of-project-management-and-monitoring/section/Department-of-Project-Management-and-Monitoring,
phone,pass,Published phone: 077- 7313524,https://www.treasury.gov.lk/web/department-of-project-management-and-monitoring/section/Department-of-Project-Management-and-Monitoring,
phone,pass,Published phone: 070-7886975,https://www.treasury.gov.lk/web/department-of-project-management-and-monitoring/section/Department-of-Project-Management-and-Monitoring,
phone,pass,Published phone: 071-5349100,https://www.treasury.gov.lk/web/department-of-project-management-and-monitoring/section/Department-of-Project-Management-and-Monitoring,
phone,pass,Published phone: 071-6466186,https://www.treasury.gov.lk/web/department-of-project-management-and-monitoring/section/Department-of-Project-Management-and-Monitoring,
phone,pass,Published phone: 071-5349063,https://www.treasury.gov.lk/web/department-of-project-management-and-monitoring/section/Department-of-Project-Management-and-Monitoring,
phone,pass,Published phone: 011-2034409,https://www.treasury.gov.lk/web/department-of-project-management-and-monitoring/section/Department-of-Project-Management-and-Monitoring,
phone,pass,Published phone: 071-5346353,https://www.treasury.gov.lk/web/department-of-project-management-and-monitoring/section/Department-of-Project-Management-and-Monitoring,
phone,pass,Published phone: 011-2118744,https://www.treasury.gov.lk/web/department-of-project-management-and-monitoring/section/Department-of-Project-Management-and-Monitoring,
phone,pass,Published phone: 077-3603596,https://www.treasury.gov.lk/web/department-of-project-management-and-monitoring/section/Department-of-Project-Management-and-Monitoring,
phone,pass,Published phone: 070-7454100,https://www.treasury.gov.lk/web/department-of-project-management-and-monitoring/section/Department-of-Project-Management-and-Monitoring,
phone,pass,Published phone: 071-4415144,https://www.treasury.gov.lk/web/department-of-project-management-and-monitoring/section/Department-of-Project-Management-and-Monitoring,
phone,pass,Published phone: 070-1935261,https://www.treasury.gov.lk/web/department-of-project-management-and-monitoring/section/Department-of-Project-Management-and-Monitoring,
phone,pass,Published phone: 011-2034407,https://www.treasury.gov.lk/web/department-of-project-management-and-monitoring/section/Department-of-Project-Management-and-Monitoring,
phone,pass,Published phone: 011-2034423,https://www.treasury.gov.lk/web/department-of-project-management-and-monitoring/section/Department-of-Project-Management-and-Monitoring,
phone,pass,Published phone: 071-3100754,https://www.treasury.gov.lk/web/department-of-project-management-and-monitoring/section/Department-of-Project-Management-and-Monitoring,
phone,pass,Published phone: 071-0545368,https://www.treasury.gov.lk/web/department-of-project-management-and-monitoring/section/Department-of-Project-Management-and-Monitoring,
phone,pass,Published phone: 011-2034416,https://www.treasury.gov.lk/web/department-of-project-management-and-monitoring/section/Department-of-Project-Management-and-Monitoring,
phone,pass,Published phone: 011-2151444,https://www.treasury.gov.lk/web/department-of-project-management-and-monitoring/section/Department-of-Project-Management-and-Monitoring,
phone,pass,Published phone: 011-2118749,https://www.treasury.gov.lk/web/department-of-project-management-and-monitoring/section/Department-of-Project-Management-and-Monitoring,
phone,pass,Published phone: 077-7579842,https://www.treasury.gov.lk/web/department-of-project-management-and-monitoring/section/Department-of-Project-Management-and-Monitoring,
phone,pass,Published phone: 011-2034434,https://www.treasury.gov.lk/web/department-of-project-management-and-monitoring/section/Department-of-Project-Management-and-Monitoring,
phone,pass,Published phone: 011-2034414,https://www.treasury.gov.lk/web/department-of-project-management-and-monitoring/section/Department-of-Project-Management-and-Monitoring,
phone,pass,Published phone: +94- 11-2034434,https://www.treasury.gov.lk/web/department-of-project-management-and-monitoring/section/Department-of-Project-Management-and-Monitoring,
phone,pass,Published phone: 071-4871352,https://www.treasury.gov.lk/web/department-of-project-management-and-monitoring/section/Department-of-Project-Management-and-Monitoring,
phone,pass,Published phone: 070-6814040,https://www.treasury.gov.lk/web/department-of-project-management-and-monitoring/section/Department-of-Project-Management-and-Monitoring,
phone,pass,Published phone: 077-1571269,https://www.treasury.gov.lk/web/department-of-project-management-and-monitoring/section/Department-of-Project-Management-and-Monitoring,
phone,pass,Published phone: 071-8608281,https://www.treasury.gov.lk/web/department-of-project-management-and-monitoring/section/Department-of-Project-Management-and-Monitoring,
phone,pass,Published phone: 011-2484983,https://www.treasury.gov.lk/web/department-of-project-management-and-monitoring/section/Department-of-Project-Management-and-Monitoring,
phone,pass,Published phone: 011-2118732,https://www.treasury.gov.lk/web/department-of-project-management-and-monitoring/section/Department-of-Project-Management-and-Monitoring,
phone,pass,Published phone: 077- 3044919,https://www.treasury.gov.lk/web/department-of-project-management-and-monitoring/section/Department-of-Project-Management-and-Monitoring,
phone,pass,Published phone: 011-2034402,https://www.treasury.gov.lk/web/department-of-project-management-and-monitoring/section/Department-of-Project-Management-and-Monitoring,
phone,pass,Published phone: +94- 11-2484600,https://www.treasury.gov.lk/web/department-of-project-management-and-monitoring/section/Department-of-Project-Management-and-Monitoring,
phone,pass,Published phone: 011-2034427,https://www.treasury.gov.lk/web/department-of-project-management-and-monitoring/section/Department-of-Project-Management-and-Monitoring,
phone,pass,Published phone: 071- 4461367,https://www.treasury.gov.lk/web/department-of-project-management-and-monitoring/section/Department-of-Project-Management-and-Monitoring,
phone,pass,Published phone: 011-2034403,https://www.treasury.gov.lk/web/department-of-project-management-and-monitoring/section/Department-of-Project-Management-and-Monitoring,
phone,pass,Published phone: 077-9302189,https://www.treasury.gov.lk/web/department-of-project-management-and-monitoring/section/Department-of-Project-Management-and-Monitoring,
phone,pass,Published phone: 011-2034412,https://www.treasury.gov.lk/web/department-of-project-management-and-monitoring/section/Department-of-Project-Management-and-Monitoring,
phone,pass,Published phone: 011-2034425,https://www.treasury.gov.lk/web/department-of-project-management-and-monitoring/section/Department-of-Project-Management-and-Monitoring,
phone,pass,Published phone: 011-2034408,https://www.treasury.gov.lk/web/department-of-project-management-and-monitoring/section/Department-of-Project-Management-and-Monitoring,
phone,pass,Published phone: 071-4803818,https://www.treasury.gov.lk/web/department-of-project-management-and-monitoring/section/Department-of-Project-Management-and-Monitoring,
phone,pass,Published phone: 071-8143836,https://www.treasury.gov.lk/web/department-of-project-management-and-monitoring/section/Department-of-Project-Management-and-Monitoring,
phone,pass,Published phone: +94- 11-2484500,https://www.treasury.gov.lk/web/department-of-project-management-and-monitoring/section/Department-of-Project-Management-and-Monitoring,
phone,pass,Published phone: 071-4899675,https://www.treasury.gov.lk/web/department-of-project-management-and-monitoring/section/Department-of-Project-Management-and-Monitoring,
phone,pass,Published phone: 011-2034400,https://www.treasury.gov.lk/web/department-of-project-management-and-monitoring/section/Department-of-Project-Management-and-Monitoring,
phone,pass,Published phone: 075-9933275,https://www.treasury.gov.lk/web/department-of-project-management-and-monitoring/section/Department-of-Project-Management-and-Monitoring,
phone,pass,Published phone: 071-1039192,https://www.treasury.gov.lk/web/department-of-project-management-and-monitoring/section/Department-of-Project-Management-and-Monitoring,
phone,pass,Published phone: 011-2118406,https://www.treasury.gov.lk/web/department-of-project-management-and-monitoring/section/Department-of-Project-Management-and-Monitoring,
phone,pass,Published phone: 011-2034413,https://www.treasury.gov.lk/web/department-of-project-management-and-monitoring/section/Department-of-Project-Management-and-Monitoring,
phone,pass,Published phone: 076-5588263,https://www.treasury.gov.lk/web/department-of-project-management-and-monitoring/section/Department-of-Project-Management-and-Monitoring,
phone,pass,Published phone: 011-2118724,https://www.treasury.gov.lk/web/department-of-project-management-and-monitoring/section/Department-of-Project-Management-and-Monitoring,
phone,pass,Published phone: 011-2118737,https://www.treasury.gov.lk/web/department-of-project-management-and-monitoring/section/Department-of-Project-Management-and-Monitoring,
phone,pass,Published phone: 011-2034424,https://www.treasury.gov.lk/web/department-of-project-management-and-monitoring/section/Department-of-Project-Management-and-Monitoring,
phone,pass,Published phone: 011-2034426,https://www.treasury.gov.lk/web/department-of-project-management-and-monitoring/section/Department-of-Project-Management-and-Monitoring,
phone,pass,Published phone: 011-2034410,https://www.treasury.gov.lk/web/department-of-project-management-and-monitoring/section/Department-of-Project-Management-and-Monitoring,
phone,pass,Published phone: 071-6893067,https://www.treasury.gov.lk/web/department-of-project-management-and-monitoring/section/Department-of-Project-Management-and-Monitoring,
phone,pass,Published phone: 070-6297040,https://www.treasury.gov.lk/web/department-of-project-management-and-monitoring/section/Department-of-Project-Management-and-Monitoring,
phone,pass,Published phone: 011-2034401,https://www.treasury.gov.lk/web/department-of-project-management-and-monitoring/section/Department-of-Project-Management-and-Monitoring,
phone,pass,Published phone: 071-4401994,https://www.treasury.gov.lk/web/department-of-project-management-and-monitoring/section/Department-of-Project-Management-and-Monitoring,
phone,pass,Published phone: 011-2151400,https://www.treasury.gov.lk/web/department-of-project-management-and-monitoring/section/Department-of-Project-Management-and-Monitoring,
phone,pass,Published phone: 071-6392411,https://www.treasury.gov.lk/web/department-of-project-management-and-monitoring/section/Department-of-Project-Management-and-Monitoring,
phone,pass,Published phone: 071-0328834,https://www.treasury.gov.lk/web/department-of-project-management-and-monitoring/section/Department-of-Project-Management-and-Monitoring,
phone,pass,Published phone: 011-2118754,https://www.treasury.gov.lk/web/department-of-project-management-and-monitoring/section/Department-of-Project-Management-and-Monitoring,
phone,pass,Published phone: 071-3951207,https://www.treasury.gov.lk/web/department-of-project-management-and-monitoring/section/Department-of-Project-Management-and-Monitoring,
phone,pass,Published phone: 076-0119470,https://www.treasury.gov.lk/web/department-of-project-management-and-monitoring/section/Department-of-Project-Management-and-Monitoring,
phone,pass,Published phone: +94- 11- 2484983,https://www.treasury.gov.lk/web/department-of-project-management-and-monitoring/section/Department-of-Project-Management-and-Monitoring,
email,pass,Published email: gunasekara.racp@pmmd.treasury.gov.lk,https://www.treasury.gov.lk/web/department-of-project-management-and-monitoring/section/Department-of-Project-Management-and-Monitoring,
email,pass,Published email: dgoffice@pmmd.treasury.gov.lk,https://www.treasury.gov.lk/web/department-of-project-management-and-monitoring/section/Department-of-Project-Management-and-Monitoring,
email,pass,Published email: pieris.amc@pmmd.treasury.gov.lk,https://www.treasury.gov.lk/web/department-of-project-management-and-monitoring/section/Department-of-Project-Management-and-Monitoring,
email,pass,Published email: bhagya.hbt@pmmd.treasury.gov.lk,https://www.treasury.gov.lk/web/department-of-project-management-and-monitoring/section/Department-of-Project-Management-and-Monitoring,
email,pass,Published email: wanniarachchi.kp@pmmd.treasury.gov.lk,https://www.treasury.gov.lk/web/department-of-project-management-and-monitoring/section/Department-of-Project-Management-and-Monitoring,
email,pass,Published email: luxman.a@pmmd.treasury.gov.lk,https://www.treasury.gov.lk/web/department-of-project-management-and-monitoring/section/Department-of-Project-Management-and-Monitoring,
email,pass,Published email: dgoffice@pmmd.tresury.gov.lk,https://www.treasury.gov.lk/web/department-of-project-management-and-monitoring/section/Department-of-Project-Management-and-Monitoring,
email,pass,Published email: pratheepan.j@pmmd.treasury.gov.lk,https://www.treasury.gov.lk/web/department-of-project-management-and-monitoring/section/Department-of-Project-Management-and-Monitoring,
email,pass,Published email: senadeera.m@pmmd.treasury.gov.lk,https://www.treasury.gov.lk/web/department-of-project-management-and-monitoring/section/Department-of-Project-Management-and-Monitoring,
email,pass,Published email: dharmaratne.np@pmmd.treasury.gov.lk,https://www.treasury.gov.lk/web/department-of-project-management-and-monitoring/section/Department-of-Project-Management-and-Monitoring,
email,pass,Published email: adminbranch@pmmd.treasury.gov.lk,https://www.treasury.gov.lk/web/department-of-project-management-and-monitoring/section/Department-of-Project-Management-and-Monitoring,
email,pass,Published email: senarath.spnd@pmmd.treasury.gov.lk,https://www.treasury.gov.lk/web/department-of-project-management-and-monitoring/section/Department-of-Project-Management-and-Monitoring,
email,pass,Published email: peiris.dacd@pmmd.treasury.gov.lk,https://www.treasury.gov.lk/web/department-of-project-management-and-monitoring/section/Department-of-Project-Management-and-Monitoring,
email,pass,Published email: ilangakoon.iasr@pmmd.treasury.gov.lk,https://www.treasury.gov.lk/web/department-of-project-management-and-monitoring/section/Department-of-Project-Management-and-Monitoring,
email,pass,Published email: handakumbura.hmjs@pmmd.treasury.gov.lk,https://www.treasury.gov.lk/web/department-of-project-management-and-monitoring/section/Department-of-Project-Management-and-Monitoring,
email,pass,Published email: piyarathna.barc@pmmd.treasury.gov.lk,https://www.treasury.gov.lk/web/department-of-project-management-and-monitoring/section/Department-of-Project-Management-and-Monitoring,
email,pass,Published email: gunasekara.rmpc@pmmd.treasury.gov.lk,https://www.treasury.gov.lk/web/department-of-project-management-and-monitoring/section/Department-of-Project-Management-and-Monitoring,
email,pass,Published email: bombuwala.kn@pmmd.treasury.gov.lk,https://www.treasury.gov.lk/web/department-of-project-management-and-monitoring/section/Department-of-Project-Management-and-Monitoring,
email,pass,Published email: gunawardana.kd@pmmd.treasury.gov.lk,https://www.treasury.gov.lk/web/department-of-project-management-and-monitoring/section/Department-of-Project-Management-and-Monitoring,
email,pass,Published email: piratheepan.k@pmmd.treasury.gov.lk,https://www.treasury.gov.lk/web/department-of-project-management-and-monitoring/section/Department-of-Project-Management-and-Monitoring,
email,pass,Published email: darshana.kd@pmmd.treasury.gov.lk,https://www.treasury.gov.lk/web/department-of-project-management-and-monitoring/section/Department-of-Project-Management-and-Monitoring,
email,pass,Published email: jayaweera.wnc.@pmmd.treasary.gov.lk,https://www.treasury.gov.lk/web/department-of-project-management-and-monitoring/section/Department-of-Project-Management-and-Monitoring,
email,pass,Published email: sathurshika.sa@pmmd.treasury.gov.lk,https://www.treasury.gov.lk/web/department-of-project-management-and-monitoring/section/Department-of-Project-Management-and-Monitoring,
email,pass,Published email: mubarak.mfa@pmmd.treasury.gov.lk,https://www.treasury.gov.lk/web/department-of-project-management-and-monitoring/section/Department-of-Project-Management-and-Monitoring,
email,pass,Published email: nandasiri.kl@pmmd.treasury.gov.lk,https://www.treasury.gov.lk/web/department-of-project-management-and-monitoring/section/Department-of-Project-Management-and-Monitoring,
email,pass,Published email: senewirathna.gsd@pmmd.treasury.gov.lk,https://www.treasury.gov.lk/web/department-of-project-management-and-monitoring/section/Department-of-Project-Management-and-Monitoring,
email,pass,Published email: tennakoon.tmbpk@pmmd.treasury.gov.lk,https://www.treasury.gov.lk/web/department-of-project-management-and-monitoring/section/Department-of-Project-Management-and-Monitoring,
email,pass,Published email: ariyasena.kln@pmmd.treasury.gov.lk,https://www.treasury.gov.lk/web/department-of-project-management-and-monitoring/section/Department-of-Project-Management-and-Monitoring,
email,pass,Published email: chandima.ph@pmmd.treasury.gov.lk,https://www.treasury.gov.lk/web/department-of-project-management-and-monitoring/section/Department-of-Project-Management-and-Monitoring,
email,pass,Published email: ekanayake.wmmmpb@pmmd.treasury.gov.lk,https://www.treasury.gov.lk/web/department-of-project-management-and-monitoring/section/Department-of-Project-Management-and-Monitoring,
email,pass,Published email: premani.kv@pmmd.treasury.gov.lk,https://www.treasury.gov.lk/web/department-of-project-management-and-monitoring/section/Department-of-Project-Management-and-Monitoring,
email,pass,Published email: gamage.np@pmmd.treasury.gov.lk,https://www.treasury.gov.lk/web/department-of-project-management-and-monitoring/section/Department-of-Project-Management-and-Monitoring,
email,pass,Published email: marasinghe.ui.@pmmd.treasury.gov.lk,https://www.treasury.gov.lk/web/department-of-project-management-and-monitoring/section/Department-of-Project-Management-and-Monitoring,
email,pass,Published email: dgpmm@pmmd.treasury.gov.lk,https://www.treasury.gov.lk/web/department-of-project-management-and-monitoring/section/Department-of-Project-Management-and-Monitoring,
email,pass,Published email: bambarabotuwa.lj@pmmd.treasury.gov.lk,https://www.treasury.gov.lk/web/department-of-project-management-and-monitoring/section/Department-of-Project-Management-and-Monitoring,
email,pass,Published email: chathuranga.egip@pmmd.treasury.gov.lk,https://www.treasury.gov.lk/web/department-of-project-management-and-monitoring/section/Department-of-Project-Management-and-Monitoring,
email,pass,Published email: prasangika.hg@pmmd.treasury.gov.lk,https://www.treasury.gov.lk/web/department-of-project-management-and-monitoring/section/Department-of-Project-Management-and-Monitoring,
email,pass,Published email: desilva.dk@pmmd.treasury.gov.lk,https://www.treasury.gov.lk/web/department-of-project-management-and-monitoring/section/Department-of-Project-Management-and-Monitoring,
email,pass,Published email: financebranch@pmmd.treasury.gov.lk,https://www.treasury.gov.lk/web/department-of-project-management-and-monitoring/section/Department-of-Project-Management-and-Monitoring,
named_responsibility,pass,Published named responsibility: director,https://www.treasury.gov.lk/web/department-of-project-management-and-monitoring/section/Department-of-Project-Management-and-Monitoring,
legal_basis,pass,Published legal basis: regulations,https://www.treasury.gov.lk/web/department-of-project-management-and-monitoring/section/Department-of-Project-Management-and-Monitoring,
fees_and_payment,pass,Published fees and payment: rs. 3,https://www.treasury.gov.lk/web/department-of-project-management-and-monitoring/section/Department-of-Project-Management-and-Monitoring,
page_text,pass,Substantive page content: 4490 visible characters across 13 pages,https://www.treasury.gov.lk/,
